Catégorie,Nature,Site,Unité,Janvier,Février,Mars,Avril,Mai,Juin,Juillet,Août,Septembre,Octobre,Novembre,Décembre,Total annuel
PRODUCTION,Matières et consommables,AMPANDRANDAVA,MGA,159445000,140384000,166003000,148302000,140844000,140504000,142569000,166556000,140269000,160865000,148966000,158732000,1813439000
PRODUCTION,Énergie / électricité,AMPANDRANDAVA,MGA,53217000,48319000,55700000,54306000,53767000,56260000,53464000,48695000,46728000,45044000,51583000,56830000,623913000
PRODUCTION,Traitement mica,AMPANDRANDAVA,MGA,78402000,89166000,89902000,84239000,79757000,92435000,84571000,91270000,91075000,84132000,88857000,81105000,1034911000
PRODUCTION,Maintenance équipements,AMPANDRANDAVA,MGA,36293000,31036000,33930000,31574000,38247000,36299000,32630000,36793000,36910000,31217000,37838000,32704000,415471000
PRODUCTION,Emballages,FORT DAUPHIN,MGA,27278000,25263000,23651000,25591000,24300000,27325000,23694000,23558000,26245000,26570000,22869000,22736000,299080000
ADMINISTRATION,Télécommunications / Internet,FORT DAUPHIN,MGA,8222000,8176000,7739000,7642000,7906000,7602000,8399000,8796000,8698000,8619000,7521000,7427000,96747000
ADMINISTRATION,Assurances,FORT DAUPHIN,MGA,12742000,13155000,15177000,15330000,12320000,14407000,13222000,15505000,12295000,12527000,15001000,15145000,166826000
ADMINISTRATION,Honoraires et conseil,FORT DAUPHIN,MGA,18354000,16502000,15462000,17758000,17105000,17257000,17054000,16803000,15529000,17874000,17206000,17408000,204312000
LOGISTIQUE,Transport interne,FORT DAUPHIN,MGA,36761000,38563000,39772000,41469000,37487000,44195000,37886000,39145000,45044000,40829000,36600000,39817000,477568000
LOGISTIQUE,Magasinage / manutention,FORT DAUPHIN,MGA,21463000,20894000,24744000,24206000,25177000,26056000,24436000,23171000,24560000,23509000,23622000,25698000,287536000
FISCAL,Impôts et taxes,FORT DAUPHIN,MGA,29244000,27003000,25363000,25674000,31353000,30028000,25586000,31666000,31451000,25799000,27167000,31798000,342132000
FINANCE,Frais bancaires,FORT DAUPHIN,MGA,11685000,10438000,11337000,12666000,12415000,10706000,11040000,11489000,13016000,11515000,11901000,13200000,141408000
SECURITE,Gardiennage / sécurité,AMPANDRANDAVA,MGA,15642000,16187000,14825000,16374000,15734000,16363000,16148000,15003000,16266000,15022000,15113000,14850000,187527000
