SOMIDA — TABLEAU DE BORD DES EXPORTATIONS 2026,,,,,,,,,,,,,,,,,,
"Pilotage DAF • Japon / Russie / Chine • Suivi mensuel des volumes, devises et chiffre d’affaires",,,,,,,,,,,,,,,,,,
,,,,,,,,,,,,,,,,,,
VOLUME EXPORTÉ (t),,,CA EXPORT (MGA),,,CA JAPON (MGA),,,CA RUSSIE (MGA),,,CA CHINE (MGA),,,MARCHÉS / DEVISES,,,
3255.5899999999997,,,20607958124,,,6195484540,,,7339667331,,,7072806253,,,3 pays • JPY / USD,,,
,,,,,,,,,,,,,,,,,,
"DÉTAIL MENSUEL DES EXPORTATIONS PAR MARCHÉ, REPRÉSENTANT ET PRODUIT",,,,,,,,,,,,,,,,,,
,,,,,,,,,,,,,,,,,,
Pays,Entité représentatrice,Produit,Devise,Indicateur,Unité,Janvier,Février,Mars,Avril,Mai,Juin,Juillet,Août,Septembre,Octobre,Novembre,Décembre,Total annuel
Japon,GOODEIS,ABR COUPE,JPY,Quantité exportée,tonnes,24.38,18.59,20.84,23.01,22.26,17.25,26.42,25.86,21.41,25.93,29.15,28.96,284.06
Japon,GOODEIS,ABR COUPE,JPY,Chiffre d'affaires devise,JPY,4738633.94,3613256.97,4050579.62,4472353.03,4326578.81,3352807.03,5135139.81,5026295.06,4161368.03,5039900.66,5665757.97,5628828.5,55211499.43
Japon,GOODEIS,ABR COUPE,JPY,Chiffre d'affaires MGA,MGA,151162423,115262897,129213490,142668062,138017864,106954544,163810960,160338812,132747640,160772831,180737679,179559629,1761246831
Japon,GOODEIS,FP1 COUPE,JPY,Quantité exportée,tonnes,21.75,22.83,19.92,18.68,15.25,16.7,16.48,22.52,20.5,13.22,18.81,15.68,222.34
Japon,GOODEIS,FP1 COUPE,JPY,Chiffre d'affaires devise,JPY,3907537.03,4101566.46,3578764.95,3355990.42,2739767.34,3000269.81,2960745.3,4045872.82,3682965.94,2375063.89,3379345.82,2817019.8,39944909.58
Japon,GOODEIS,FP1 COUPE,JPY,Chiffre d'affaires MGA,MGA,124650431,130839970,114162602,107056094,87398578,95708607,94447775,129063343,117486613,75764538,107801132,89862932,1274242615
Japon,GOODEIS,FP2 COUPE,JPY,Quantité exportée,tonnes,14.57,17.37,15.3,18.57,15.85,19.57,14.62,11.91,13.55,12.66,19.23,13.99,187.19
Japon,GOODEIS,FP2 COUPE,JPY,Chiffre d'affaires devise,JPY,2525755.03,3011143.78,2652302.81,3219167.53,2747647.03,3392520.66,2534422.69,2064635.72,2348934.84,2194650.56,3333580.59,2425210.22,32449971.46
Japon,GOODEIS,FP2 COUPE,JPY,Chiffre d'affaires MGA,MGA,80571585,96055487,84608460,102691444,87649940,108221409,80848084,65861879,74931021,70009353,106341221,77364206,1035154089
Japon,GOODEIS,TRA,JPY,Quantité exportée,tonnes,15.64,17.94,20.91,18.75,22.99,16.37,23.73,21.89,15.56,16.57,19.38,18.06,227.79
Japon,GOODEIS,TRA,JPY,Chiffre d'affaires devise,JPY,2924855.95,3354981.83,3910405.24,3506460.94,4299388.64,3061374.16,4437776.96,4093676.26,2909895.05,3098776.41,3624278.02,3377423.17,42599292.63
Japon,GOODEIS,TRA,JPY,Chiffre d'affaires MGA,MGA,93302905,107023920,124741927,111856104,137150498,97657836,141565085,130588273,92825652,98850967,115614469,107739799,1358917435
Japon,GOODEIS,BSA,JPY,Quantité exportée,tonnes,12.59,13.62,10.48,11.48,13.34,14.38,14.16,13.28,10.03,11.21,12.28,10.59,147.44
Japon,GOODEIS,BSA,JPY,Chiffre d'affaires devise,JPY,2050242.16,2217974.44,1706635.25,1869482.12,2172377.31,2341738.06,2305911.75,2162606.5,1633354.16,1825513.47,1999759.62,1724548.41,24010143.25
Japon,GOODEIS,BSA,JPY,Chiffre d'affaires MGA,MGA,65402725,70753385,54441664,59636480,69298836,74701444,73558585,68987147,52103998,58233880,63792332,55013094,765923570
Russie,ELINAR,ABR COUPE,USD,Quantité exportée,tonnes,26.66,30.01,30.01,28.98,25.65,21.47,21.55,24.97,20.34,28.63,28.04,17.45,303.76
Russie,ELINAR,ABR COUPE,USD,Chiffre d'affaires devise,USD,40614.01,45717.42,45717.42,44148.31,39075.37,32707.53,32829.4,38039.45,30986.08,43615.12,42716.31,26583.44,462749.86
Russie,ELINAR,ABR COUPE,USD,Chiffre d'affaires MGA,MGA,189667427,213500351,213500351,206172608,182481978,152744165,153313298,177644232,144704994,203682610,199485168,124144665,2161041847
Russie,ELINAR,FP1 COUPE,USD,Quantité exportée,tonnes,18.11,13.33,21.36,15.7,20.81,15.14,15.9,21.7,17.19,15.34,13.66,17.3,205.54
Russie,ELINAR,FP1 COUPE,USD,Chiffre d'affaires devise,USD,25115.4,18486.38,29622.58,21773.15,28859.83,20996.53,22050.52,30094.1,23839.52,21273.9,18944.03,23992.07,285048.01
Russie,ELINAR,FP1 COUPE,USD,Chiffre d'affaires MGA,MGA,117288918,86331395,138337449,101680610,134775406,98053795,102975928,140539447,111330558,99349113,88468620,112042967,1331174206
Russie,ELINAR,FP2 COUPE,USD,Quantité exportée,tonnes,12.15,18.07,17.52,17.71,18.46,14.26,15.91,12.39,16.16,16.27,14.49,14.43,187.82
Russie,ELINAR,FP2 COUPE,USD,Chiffre d'affaires devise,USD,16211.67,24110.69,23376.83,23630.34,24631.06,19027.03,21228.61,16531.9,21562.19,21708.96,19333.92,19253.86,250607.06
Russie,ELINAR,FP2 COUPE,USD,Chiffre d'affaires MGA,MGA,75708499,112596922,109169796,110353688,115027050,88856230,99137609,77203973,100695427,101380843,90289406,89915526,1170334969
Russie,ELINAR,TRA,USD,Quantité exportée,tonnes,19.5,17.6,27.29,25.79,17.52,18.51,26.79,25.88,21.67,20.02,16.7,22.74,260.01
Russie,ELINAR,TRA,USD,Chiffre d'affaires devise,USD,28477.19,25702.49,39853.46,37662.91,25585.66,27031.43,39123.28,37794.34,31646.19,29236.58,24388.16,33208.79,379710.48
Russie,ELINAR,TRA,USD,Chiffre d'affaires MGA,MGA,132988477,120030628,186115658,175885790,119485032,126236778,182705718,176499568,147787707,136534829,113892707,155085049,1773247941
Russie,ELINAR,BSA,USD,Quantité exportée,tonnes,10.8,12.59,10.76,12.91,13.05,12.95,14.95,11.2,15.55,12.77,13.28,15.31,156.12
Russie,ELINAR,BSA,USD,Chiffre d'affaires devise,USD,13389.17,15608.3,13339.58,16005.01,16178.57,16054.6,18534.08,13885.06,19277.92,15831.45,16463.71,18980.38,193547.83
Russie,ELINAR,BSA,USD,Chiffre d'affaires MGA,MGA,62527424,72890761,62295839,74743397,75553922,74974982,86554154,64843230,90027886,73932872,76885526,88638375,903868368
Chine,REPRESENTANT CHINE - A VALIDER,ABR COUPE,USD,Quantité exportée,tonnes,21.27,30.13,22.14,25.09,24.08,18.97,24.24,29.9,26.59,18.7,27.74,25.64,294.49
Chine,REPRESENTANT CHINE - A VALIDER,ABR COUPE,USD,Chiffre d'affaires devise,USD,32402.85,45900.23,33728.21,38222.26,36683.62,28899.02,36927.37,45549.85,40507.37,28487.7,42259.29,39060.14,448627.91000000003
Chine,REPRESENTANT CHINE - A VALIDER,ABR COUPE,USD,Chiffre d'affaires MGA,MGA,151321310,214354074,157510741,178497954,171312505,134958423,172450818,212717800,189169418,133037559,197350884,182410854,2095092340
Chine,REPRESENTANT CHINE - A VALIDER,FP1 COUPE,USD,Quantité exportée,tonnes,13.73,19.91,13.46,21.16,22.71,14.94,15.84,18.62,16.75,17.78,15.01,13.66,203.57
Chine,REPRESENTANT CHINE - A VALIDER,FP1 COUPE,USD,Chiffre d'affaires devise,USD,19041.11,27611.69,18666.66,29345.22,31494.8,20719.17,21967.31,25822.68,23229.32,24657.75,20816.24,18944.03,282315.98
Chine,REPRESENTANT CHINE - A VALIDER,FP1 COUPE,USD,Chiffre d'affaires MGA,MGA,88921984,128946592,87173302,137042177,147080716,96758524,102587338,120591916,108480924,115151692,97211841,88468620,1318415626
Chine,REPRESENTANT CHINE - A VALIDER,FP2 COUPE,USD,Quantité exportée,tonnes,13.24,12.95,17.34,15.98,16.48,11.83,13.56,14.85,16.45,15.76,18.29,12.96,179.69
Chine,REPRESENTANT CHINE - A VALIDER,FP2 COUPE,USD,Chiffre d'affaires devise,USD,17666.05,17279.1,23136.65,21322.01,21989.16,15784.7,18093.02,19814.26,21949.13,21028.47,24404.23,17292.45,239759.23
Chine,REPRESENTANT CHINE - A VALIDER,FP2 COUPE,USD,Chiffre d'affaires MGA,MGA,82500454,80693397,108048156,99573787,102689377,73714549,84494403,92532594,102502437,98202955,113967754,80755742,1119675605
Chine,REPRESENTANT CHINE - A VALIDER,TRA,USD,Quantité exportée,tonnes,19.32,24,15.91,15.52,16.56,22.46,23.88,25.19,18.51,24.51,17.39,17.72,240.97
Chine,REPRESENTANT CHINE - A VALIDER,TRA,USD,Chiffre d'affaires devise,USD,28214.32,35048.85,23234.47,22664.92,24183.71,32799.88,34873.61,36786.69,27031.43,35793.64,25395.81,25877.73,351905.06
Chine,REPRESENTANT CHINE - A VALIDER,TRA,USD,Chiffre d'affaires MGA,MGA,131760874,163678130,108504975,105845176,112937926,153175440,162859759,171793842,126236778,167156299,118598433,120848999,1643396631
Chine,REPRESENTANT CHINE - A VALIDER,BSA,USD,Quantité exportée,tonnes,15.13,12.3,12.37,15.25,10.48,10.87,16.22,10.79,10.4,16.4,12.29,12.3,154.8
Chine,REPRESENTANT CHINE - A VALIDER,BSA,USD,Chiffre d'affaires devise,USD,18757.23,15248.77,15335.55,18906,12992.45,13475.95,20108.54,13376.77,12893.27,20331.69,15236.37,15248.77,191911.36000000002
Chine,REPRESENTANT CHINE - A VALIDER,BSA,USD,Chiffre d'affaires MGA,MGA,87596264,71211756,71617018,88291020,60674742,62932686,93906882,62469516,60211571,94948992,71153848,71211756,896226051
