Pays,Entité représentatrice,Produit,Devise,Indicateur,Unité,mois,valeur
Japon,GOODEIS,ABR COUPE,JPY,Quantité exportée,tonnes,Janvier,26.98
Japon,GOODEIS,ABR COUPE,JPY,Quantité exportée,tonnes,Février,20.36
Japon,GOODEIS,ABR COUPE,JPY,Quantité exportée,tonnes,Mars,16.55
Japon,GOODEIS,ABR COUPE,JPY,Quantité exportée,tonnes,Avril,18.41
Japon,GOODEIS,ABR COUPE,JPY,Quantité exportée,tonnes,Mai,16.68
Japon,GOODEIS,ABR COUPE,JPY,Quantité exportée,tonnes,Juin,25.44
Japon,GOODEIS,ABR COUPE,JPY,Quantité exportée,tonnes,Juillet,21.5
Japon,GOODEIS,ABR COUPE,JPY,Quantité exportée,tonnes,Août,25.5
Japon,GOODEIS,ABR COUPE,JPY,Quantité exportée,tonnes,Septembre,16.9
Japon,GOODEIS,ABR COUPE,JPY,Quantité exportée,tonnes,Octobre,15.88
Japon,GOODEIS,ABR COUPE,JPY,Quantité exportée,tonnes,Novembre,16.83
Japon,GOODEIS,ABR COUPE,JPY,Quantité exportée,tonnes,Décembre,25.95
Japon,GOODEIS,ABR COUPE,JPY,Chiffre d'affaires devise,JPY,Janvier,4991300.0
Japon,GOODEIS,ABR COUPE,JPY,Chiffre d'affaires devise,JPY,Février,3766600.0
Japon,GOODEIS,ABR COUPE,JPY,Chiffre d'affaires devise,JPY,Mars,3061750.0
Japon,GOODEIS,ABR COUPE,JPY,Chiffre d'affaires devise,JPY,Avril,3405850.0
Japon,GOODEIS,ABR COUPE,JPY,Chiffre d'affaires devise,JPY,Mai,3085800.0
Japon,GOODEIS,ABR COUPE,JPY,Chiffre d'affaires devise,JPY,Juin,4706400.0
Japon,GOODEIS,ABR COUPE,JPY,Chiffre d'affaires devise,JPY,Juillet,3977500.0
Japon,GOODEIS,ABR COUPE,JPY,Chiffre d'affaires devise,JPY,Août,4717500.0
Japon,GOODEIS,ABR COUPE,JPY,Chiffre d'affaires devise,JPY,Septembre,3126500.0
Japon,GOODEIS,ABR COUPE,JPY,Chiffre d'affaires devise,JPY,Octobre,2937800.0
Japon,GOODEIS,ABR COUPE,JPY,Chiffre d'affaires devise,JPY,Novembre,3113550.0
Japon,GOODEIS,ABR COUPE,JPY,Chiffre d'affaires devise,JPY,Décembre,4800750.0
Japon,GOODEIS,ABR COUPE,JPY,Chiffre d'affaires MGA,MGA,Janvier,1.5223465E8
Japon,GOODEIS,ABR COUPE,JPY,Chiffre d'affaires MGA,MGA,Février,1.148813E8
Japon,GOODEIS,ABR COUPE,JPY,Chiffre d'affaires MGA,MGA,Mars,9.3383375E7
Japon,GOODEIS,ABR COUPE,JPY,Chiffre d'affaires MGA,MGA,Avril,1.03878425E8
Japon,GOODEIS,ABR COUPE,JPY,Chiffre d'affaires MGA,MGA,Mai,9.41169E7
Japon,GOODEIS,ABR COUPE,JPY,Chiffre d'affaires MGA,MGA,Juin,1.435452E8
Japon,GOODEIS,ABR COUPE,JPY,Chiffre d'affaires MGA,MGA,Juillet,1.2131375E8
Japon,GOODEIS,ABR COUPE,JPY,Chiffre d'affaires MGA,MGA,Août,1.4388375E8
Japon,GOODEIS,ABR COUPE,JPY,Chiffre d'affaires MGA,MGA,Septembre,9.535825E7
Japon,GOODEIS,ABR COUPE,JPY,Chiffre d'affaires MGA,MGA,Octobre,8.96029E7
Japon,GOODEIS,ABR COUPE,JPY,Chiffre d'affaires MGA,MGA,Novembre,9.4963275E7
Japon,GOODEIS,ABR COUPE,JPY,Chiffre d'affaires MGA,MGA,Décembre,1.46422875E8
Japon,GOODEIS,FP1 COUPE,JPY,Quantité exportée,tonnes,Janvier,18.23
Japon,GOODEIS,FP1 COUPE,JPY,Quantité exportée,tonnes,Février,14.24
Japon,GOODEIS,FP1 COUPE,JPY,Quantité exportée,tonnes,Mars,18.92
Japon,GOODEIS,FP1 COUPE,JPY,Quantité exportée,tonnes,Avril,14.44
Japon,GOODEIS,FP1 COUPE,JPY,Quantité exportée,tonnes,Mai,20.13
Japon,GOODEIS,FP1 COUPE,JPY,Quantité exportée,tonnes,Juin,21.29
Japon,GOODEIS,FP1 COUPE,JPY,Quantité exportée,tonnes,Juillet,17.77
Japon,GOODEIS,FP1 COUPE,JPY,Quantité exportée,tonnes,Août,19.57
Japon,GOODEIS,FP1 COUPE,JPY,Quantité exportée,tonnes,Septembre,16.22
Japon,GOODEIS,FP1 COUPE,JPY,Quantité exportée,tonnes,Octobre,17.27
Japon,GOODEIS,FP1 COUPE,JPY,Quantité exportée,tonnes,Novembre,15.9
Japon,GOODEIS,FP1 COUPE,JPY,Quantité exportée,tonnes,Décembre,14.77
Japon,GOODEIS,FP1 COUPE,JPY,Chiffre d'affaires devise,JPY,Janvier,3117330.0
Japon,GOODEIS,FP1 COUPE,JPY,Chiffre d'affaires devise,JPY,Février,2435040.0
Japon,GOODEIS,FP1 COUPE,JPY,Chiffre d'affaires devise,JPY,Mars,3235320.0
Japon,GOODEIS,FP1 COUPE,JPY,Chiffre d'affaires devise,JPY,Avril,2469240.0
Japon,GOODEIS,FP1 COUPE,JPY,Chiffre d'affaires devise,JPY,Mai,3442230.0
Japon,GOODEIS,FP1 COUPE,JPY,Chiffre d'affaires devise,JPY,Juin,3640590.0
Japon,GOODEIS,FP1 COUPE,JPY,Chiffre d'affaires devise,JPY,Juillet,3038670.0
Japon,GOODEIS,FP1 COUPE,JPY,Chiffre d'affaires devise,JPY,Août,3346470.0
Japon,GOODEIS,FP1 COUPE,JPY,Chiffre d'affaires devise,JPY,Septembre,2773620.0
Japon,GOODEIS,FP1 COUPE,JPY,Chiffre d'affaires devise,JPY,Octobre,2953170.0
Japon,GOODEIS,FP1 COUPE,JPY,Chiffre d'affaires devise,JPY,Novembre,2718900.0
Japon,GOODEIS,FP1 COUPE,JPY,Chiffre d'affaires devise,JPY,Décembre,2525670.0
Japon,GOODEIS,FP1 COUPE,JPY,Chiffre d'affaires MGA,MGA,Janvier,9.5078565E7
Japon,GOODEIS,FP1 COUPE,JPY,Chiffre d'affaires MGA,MGA,Février,7.426872E7
Japon,GOODEIS,FP1 COUPE,JPY,Chiffre d'affaires MGA,MGA,Mars,9.867726E7
Japon,GOODEIS,FP1 COUPE,JPY,Chiffre d'affaires MGA,MGA,Avril,7.531182E7
Japon,GOODEIS,FP1 COUPE,JPY,Chiffre d'affaires MGA,MGA,Mai,1.04988015E8
Japon,GOODEIS,FP1 COUPE,JPY,Chiffre d'affaires MGA,MGA,Juin,1.11037995E8
Japon,GOODEIS,FP1 COUPE,JPY,Chiffre d'affaires MGA,MGA,Juillet,9.2679435E7
Japon,GOODEIS,FP1 COUPE,JPY,Chiffre d'affaires MGA,MGA,Août,1.02067335E8
Japon,GOODEIS,FP1 COUPE,JPY,Chiffre d'affaires MGA,MGA,Septembre,8.459541E7
Japon,GOODEIS,FP1 COUPE,JPY,Chiffre d'affaires MGA,MGA,Octobre,9.0071685E7
Japon,GOODEIS,FP1 COUPE,JPY,Chiffre d'affaires MGA,MGA,Novembre,8.292645E7
Japon,GOODEIS,FP1 COUPE,JPY,Chiffre d'affaires MGA,MGA,Décembre,7.7032935E7
Japon,GOODEIS,FP2 COUPE,JPY,Quantité exportée,tonnes,Janvier,17.69
Japon,GOODEIS,FP2 COUPE,JPY,Quantité exportée,tonnes,Février,18.26
Japon,GOODEIS,FP2 COUPE,JPY,Quantité exportée,tonnes,Mars,16.81
Japon,GOODEIS,FP2 COUPE,JPY,Quantité exportée,tonnes,Avril,12.01
Japon,GOODEIS,FP2 COUPE,JPY,Quantité exportée,tonnes,Mai,13.83
Japon,GOODEIS,FP2 COUPE,JPY,Quantité exportée,tonnes,Juin,12.45
Japon,GOODEIS,FP2 COUPE,JPY,Quantité exportée,tonnes,Juillet,14.83
Japon,GOODEIS,FP2 COUPE,JPY,Quantité exportée,tonnes,Août,16.64
Japon,GOODEIS,FP2 COUPE,JPY,Quantité exportée,tonnes,Septembre,19.18
Japon,GOODEIS,FP2 COUPE,JPY,Quantité exportée,tonnes,Octobre,11.88
Japon,GOODEIS,FP2 COUPE,JPY,Quantité exportée,tonnes,Novembre,14.27
Japon,GOODEIS,FP2 COUPE,JPY,Quantité exportée,tonnes,Décembre,18.46
Japon,GOODEIS,FP2 COUPE,JPY,Chiffre d'affaires devise,JPY,Janvier,2918850.0
Japon,GOODEIS,FP2 COUPE,JPY,Chiffre d'affaires devise,JPY,Février,3012900.0
Japon,GOODEIS,FP2 COUPE,JPY,Chiffre d'affaires devise,JPY,Mars,2773650.0
Japon,GOODEIS,FP2 COUPE,JPY,Chiffre d'affaires devise,JPY,Avril,1981650.0
Japon,GOODEIS,FP2 COUPE,JPY,Chiffre d'affaires devise,JPY,Mai,2281950.0
Japon,GOODEIS,FP2 COUPE,JPY,Chiffre d'affaires devise,JPY,Juin,2054250.0
Japon,GOODEIS,FP2 COUPE,JPY,Chiffre d'affaires devise,JPY,Juillet,2446950.0
Japon,GOODEIS,FP2 COUPE,JPY,Chiffre d'affaires devise,JPY,Août,2745600.0
Japon,GOODEIS,FP2 COUPE,JPY,Chiffre d'affaires devise,JPY,Septembre,3164700.0
Japon,GOODEIS,FP2 COUPE,JPY,Chiffre d'affaires devise,JPY,Octobre,1960200.0
Japon,GOODEIS,FP2 COUPE,JPY,Chiffre d'affaires devise,JPY,Novembre,2354550.0
Japon,GOODEIS,FP2 COUPE,JPY,Chiffre d'affaires devise,JPY,Décembre,3045900.0
Japon,GOODEIS,FP2 COUPE,JPY,Chiffre d'affaires MGA,MGA,Janvier,8.9024925E7
Japon,GOODEIS,FP2 COUPE,JPY,Chiffre d'affaires MGA,MGA,Février,9.189345E7
Japon,GOODEIS,FP2 COUPE,JPY,Chiffre d'affaires MGA,MGA,Mars,8.4596325E7
Japon,GOODEIS,FP2 COUPE,JPY,Chiffre d'affaires MGA,MGA,Avril,6.0440325E7
Japon,GOODEIS,FP2 COUPE,JPY,Chiffre d'affaires MGA,MGA,Mai,6.9599475E7
Japon,GOODEIS,FP2 COUPE,JPY,Chiffre d'affaires MGA,MGA,Juin,6.2654625E7
Japon,GOODEIS,FP2 COUPE,JPY,Chiffre d'affaires MGA,MGA,Juillet,7.4631975E7
Japon,GOODEIS,FP2 COUPE,JPY,Chiffre d'affaires MGA,MGA,Août,8.37408E7
Japon,GOODEIS,FP2 COUPE,JPY,Chiffre d'affaires MGA,MGA,Septembre,9.652335E7
Japon,GOODEIS,FP2 COUPE,JPY,Chiffre d'affaires MGA,MGA,Octobre,5.97861E7
Japon,GOODEIS,FP2 COUPE,JPY,Chiffre d'affaires MGA,MGA,Novembre,7.1813775E7
Japon,GOODEIS,FP2 COUPE,JPY,Chiffre d'affaires MGA,MGA,Décembre,9.289995E7
Japon,GOODEIS,TRA,JPY,Quantité exportée,tonnes,Janvier,17.08
Japon,GOODEIS,TRA,JPY,Quantité exportée,tonnes,Février,19.28
Japon,GOODEIS,TRA,JPY,Quantité exportée,tonnes,Mars,23.69
Japon,GOODEIS,TRA,JPY,Quantité exportée,tonnes,Avril,16.17
Japon,GOODEIS,TRA,JPY,Quantité exportée,tonnes,Mai,18.62
Japon,GOODEIS,TRA,JPY,Quantité exportée,tonnes,Juin,24.79
Japon,GOODEIS,TRA,JPY,Quantité exportée,tonnes,Juillet,21.53
Japon,GOODEIS,TRA,JPY,Quantité exportée,tonnes,Août,22.55
Japon,GOODEIS,TRA,JPY,Quantité exportée,tonnes,Septembre,20.48
Japon,GOODEIS,TRA,JPY,Quantité exportée,tonnes,Octobre,21.28
Japon,GOODEIS,TRA,JPY,Quantité exportée,tonnes,Novembre,18.05
Japon,GOODEIS,TRA,JPY,Quantité exportée,tonnes,Décembre,21.47
Japon,GOODEIS,TRA,JPY,Chiffre d'affaires devise,JPY,Janvier,3040240.0
Japon,GOODEIS,TRA,JPY,Chiffre d'affaires devise,JPY,Février,3431840.0
Japon,GOODEIS,TRA,JPY,Chiffre d'affaires devise,JPY,Mars,4216820.0
Japon,GOODEIS,TRA,JPY,Chiffre d'affaires devise,JPY,Avril,2878260.0
Japon,GOODEIS,TRA,JPY,Chiffre d'affaires devise,JPY,Mai,3314360.0
Japon,GOODEIS,TRA,JPY,Chiffre d'affaires devise,JPY,Juin,4412620.0
Japon,GOODEIS,TRA,JPY,Chiffre d'affaires devise,JPY,Juillet,3832340.0
Japon,GOODEIS,TRA,JPY,Chiffre d'affaires devise,JPY,Août,4013900.0
Japon,GOODEIS,TRA,JPY,Chiffre d'affaires devise,JPY,Septembre,3645440.0
Japon,GOODEIS,TRA,JPY,Chiffre d'affaires devise,JPY,Octobre,3787840.0
Japon,GOODEIS,TRA,JPY,Chiffre d'affaires devise,JPY,Novembre,3212900.0
Japon,GOODEIS,TRA,JPY,Chiffre d'affaires devise,JPY,Décembre,3821660.0
Japon,GOODEIS,TRA,JPY,Chiffre d'affaires MGA,MGA,Janvier,9.272732E7
Japon,GOODEIS,TRA,JPY,Chiffre d'affaires MGA,MGA,Février,1.0467112E8
Japon,GOODEIS,TRA,JPY,Chiffre d'affaires MGA,MGA,Mars,1.2861301E8
Japon,GOODEIS,TRA,JPY,Chiffre d'affaires MGA,MGA,Avril,8.778693E7
Japon,GOODEIS,TRA,JPY,Chiffre d'affaires MGA,MGA,Mai,1.0108798E8
Japon,GOODEIS,TRA,JPY,Chiffre d'affaires MGA,MGA,Juin,1.3458491E8
Japon,GOODEIS,TRA,JPY,Chiffre d'affaires MGA,MGA,Juillet,1.1688637E8
Japon,GOODEIS,TRA,JPY,Chiffre d'affaires MGA,MGA,Août,1.2242395E8
Japon,GOODEIS,TRA,JPY,Chiffre d'affaires MGA,MGA,Septembre,1.1118592E8
Japon,GOODEIS,TRA,JPY,Chiffre d'affaires MGA,MGA,Octobre,1.1552912E8
Japon,GOODEIS,TRA,JPY,Chiffre d'affaires MGA,MGA,Novembre,9.799345E7
Japon,GOODEIS,TRA,JPY,Chiffre d'affaires MGA,MGA,Décembre,1.1656063E8
Japon,GOODEIS,BSA,JPY,Quantité exportée,tonnes,Janvier,11.07
Japon,GOODEIS,BSA,JPY,Quantité exportée,tonnes,Février,10.97
Japon,GOODEIS,BSA,JPY,Quantité exportée,tonnes,Mars,9.46
Japon,GOODEIS,BSA,JPY,Quantité exportée,tonnes,Avril,9.93
Japon,GOODEIS,BSA,JPY,Quantité exportée,tonnes,Mai,12.15
Japon,GOODEIS,BSA,JPY,Quantité exportée,tonnes,Juin,14.06
Japon,GOODEIS,BSA,JPY,Quantité exportée,tonnes,Juillet,9.35
Japon,GOODEIS,BSA,JPY,Quantité exportée,tonnes,Août,12.71
Japon,GOODEIS,BSA,JPY,Quantité exportée,tonnes,Septembre,11.77
Japon,GOODEIS,BSA,JPY,Quantité exportée,tonnes,Octobre,13.79
Japon,GOODEIS,BSA,JPY,Quantité exportée,tonnes,Novembre,12.49
Japon,GOODEIS,BSA,JPY,Quantité exportée,tonnes,Décembre,13.58
Japon,GOODEIS,BSA,JPY,Chiffre d'affaires devise,JPY,Janvier,1715850.0
Japon,GOODEIS,BSA,JPY,Chiffre d'affaires devise,JPY,Février,1700350.0
Japon,GOODEIS,BSA,JPY,Chiffre d'affaires devise,JPY,Mars,1466300.0
Japon,GOODEIS,BSA,JPY,Chiffre d'affaires devise,JPY,Avril,1539150.0
Japon,GOODEIS,BSA,JPY,Chiffre d'affaires devise,JPY,Mai,1883250.0
Japon,GOODEIS,BSA,JPY,Chiffre d'affaires devise,JPY,Juin,2179300.0
Japon,GOODEIS,BSA,JPY,Chiffre d'affaires devise,JPY,Juillet,1449250.0
Japon,GOODEIS,BSA,JPY,Chiffre d'affaires devise,JPY,Août,1970050.0
Japon,GOODEIS,BSA,JPY,Chiffre d'affaires devise,JPY,Septembre,1824350.0
Japon,GOODEIS,BSA,JPY,Chiffre d'affaires devise,JPY,Octobre,2137450.0
Japon,GOODEIS,BSA,JPY,Chiffre d'affaires devise,JPY,Novembre,1935950.0
Japon,GOODEIS,BSA,JPY,Chiffre d'affaires devise,JPY,Décembre,2104900.0
Japon,GOODEIS,BSA,JPY,Chiffre d'affaires MGA,MGA,Janvier,5.2333425E7
Japon,GOODEIS,BSA,JPY,Chiffre d'affaires MGA,MGA,Février,5.1860675E7
Japon,GOODEIS,BSA,JPY,Chiffre d'affaires MGA,MGA,Mars,4.472215E7
Japon,GOODEIS,BSA,JPY,Chiffre d'affaires MGA,MGA,Avril,4.6944075E7
Japon,GOODEIS,BSA,JPY,Chiffre d'affaires MGA,MGA,Mai,5.7439125E7
Japon,GOODEIS,BSA,JPY,Chiffre d'affaires MGA,MGA,Juin,6.646865E7
Japon,GOODEIS,BSA,JPY,Chiffre d'affaires MGA,MGA,Juillet,4.4202125E7
Japon,GOODEIS,BSA,JPY,Chiffre d'affaires MGA,MGA,Août,6.0086525E7
Japon,GOODEIS,BSA,JPY,Chiffre d'affaires MGA,MGA,Septembre,5.5642675E7
Japon,GOODEIS,BSA,JPY,Chiffre d'affaires MGA,MGA,Octobre,6.5192225E7
Japon,GOODEIS,BSA,JPY,Chiffre d'affaires MGA,MGA,Novembre,5.9046475E7
Japon,GOODEIS,BSA,JPY,Chiffre d'affaires MGA,MGA,Décembre,6.419945E7
Russie,ELINAR,ABR COUPE,USD,Quantité exportée,tonnes,Janvier,27.77
Russie,ELINAR,ABR COUPE,USD,Quantité exportée,tonnes,Février,21.84
Russie,ELINAR,ABR COUPE,USD,Quantité exportée,tonnes,Mars,27.29
Russie,ELINAR,ABR COUPE,USD,Quantité exportée,tonnes,Avril,19.78
Russie,ELINAR,ABR COUPE,USD,Quantité exportée,tonnes,Mai,23.42
Russie,ELINAR,ABR COUPE,USD,Quantité exportée,tonnes,Juin,18.77
Russie,ELINAR,ABR COUPE,USD,Quantité exportée,tonnes,Juillet,17.97
Russie,ELINAR,ABR COUPE,USD,Quantité exportée,tonnes,Août,18.58
Russie,ELINAR,ABR COUPE,USD,Quantité exportée,tonnes,Septembre,25.58
Russie,ELINAR,ABR COUPE,USD,Quantité exportée,tonnes,Octobre,27.23
Russie,ELINAR,ABR COUPE,USD,Quantité exportée,tonnes,Novembre,16.17
Russie,ELINAR,ABR COUPE,USD,Quantité exportée,tonnes,Décembre,21.51
Russie,ELINAR,ABR COUPE,USD,Chiffre d'affaires devise,USD,Janvier,40266.5
Russie,ELINAR,ABR COUPE,USD,Chiffre d'affaires devise,USD,Février,31668.0
Russie,ELINAR,ABR COUPE,USD,Chiffre d'affaires devise,USD,Mars,39570.5
Russie,ELINAR,ABR COUPE,USD,Chiffre d'affaires devise,USD,Avril,28681.0
Russie,ELINAR,ABR COUPE,USD,Chiffre d'affaires devise,USD,Mai,33959.0
Russie,ELINAR,ABR COUPE,USD,Chiffre d'affaires devise,USD,Juin,27216.5
Russie,ELINAR,ABR COUPE,USD,Chiffre d'affaires devise,USD,Juillet,26056.5
Russie,ELINAR,ABR COUPE,USD,Chiffre d'affaires devise,USD,Août,26941.0
Russie,ELINAR,ABR COUPE,USD,Chiffre d'affaires devise,USD,Septembre,37091.0
Russie,ELINAR,ABR COUPE,USD,Chiffre d'affaires devise,USD,Octobre,39483.5
Russie,ELINAR,ABR COUPE,USD,Chiffre d'affaires devise,USD,Novembre,23446.5
Russie,ELINAR,ABR COUPE,USD,Chiffre d'affaires devise,USD,Décembre,31189.5
Russie,ELINAR,ABR COUPE,USD,Chiffre d'affaires MGA,MGA,Janvier,1.79185925E8
Russie,ELINAR,ABR COUPE,USD,Chiffre d'affaires MGA,MGA,Février,1.409226E8
Russie,ELINAR,ABR COUPE,USD,Chiffre d'affaires MGA,MGA,Mars,1.76088725E8
Russie,ELINAR,ABR COUPE,USD,Chiffre d'affaires MGA,MGA,Avril,1.2763045E8
Russie,ELINAR,ABR COUPE,USD,Chiffre d'affaires MGA,MGA,Mai,1.5111755E8
Russie,ELINAR,ABR COUPE,USD,Chiffre d'affaires MGA,MGA,Juin,1.21113425E8
Russie,ELINAR,ABR COUPE,USD,Chiffre d'affaires MGA,MGA,Juillet,1.15951425E8
Russie,ELINAR,ABR COUPE,USD,Chiffre d'affaires MGA,MGA,Août,1.1988745E8
Russie,ELINAR,ABR COUPE,USD,Chiffre d'affaires MGA,MGA,Septembre,1.6505495E8
Russie,ELINAR,ABR COUPE,USD,Chiffre d'affaires MGA,MGA,Octobre,1.75701575E8
Russie,ELINAR,ABR COUPE,USD,Chiffre d'affaires MGA,MGA,Novembre,1.04336925E8
Russie,ELINAR,ABR COUPE,USD,Chiffre d'affaires MGA,MGA,Décembre,1.38793275E8
Russie,ELINAR,FP1 COUPE,USD,Quantité exportée,tonnes,Janvier,17.13
Russie,ELINAR,FP1 COUPE,USD,Quantité exportée,tonnes,Février,12.66
Russie,ELINAR,FP1 COUPE,USD,Quantité exportée,tonnes,Mars,19.32
Russie,ELINAR,FP1 COUPE,USD,Quantité exportée,tonnes,Avril,13.79
Russie,ELINAR,FP1 COUPE,USD,Quantité exportée,tonnes,Mai,20.93
Russie,ELINAR,FP1 COUPE,USD,Quantité exportée,tonnes,Juin,17.73
Russie,ELINAR,FP1 COUPE,USD,Quantité exportée,tonnes,Juillet,14.43
Russie,ELINAR,FP1 COUPE,USD,Quantité exportée,tonnes,Août,17.65
Russie,ELINAR,FP1 COUPE,USD,Quantité exportée,tonnes,Septembre,18.74
Russie,ELINAR,FP1 COUPE,USD,Quantité exportée,tonnes,Octobre,16.4
Russie,ELINAR,FP1 COUPE,USD,Quantité exportée,tonnes,Novembre,18.21
Russie,ELINAR,FP1 COUPE,USD,Quantité exportée,tonnes,Décembre,19.73
Russie,ELINAR,FP1 COUPE,USD,Chiffre d'affaires devise,USD,Janvier,22611.6
Russie,ELINAR,FP1 COUPE,USD,Chiffre d'affaires devise,USD,Février,16711.2
Russie,ELINAR,FP1 COUPE,USD,Chiffre d'affaires devise,USD,Mars,25502.4
Russie,ELINAR,FP1 COUPE,USD,Chiffre d'affaires devise,USD,Avril,18202.8
Russie,ELINAR,FP1 COUPE,USD,Chiffre d'affaires devise,USD,Mai,27627.6
Russie,ELINAR,FP1 COUPE,USD,Chiffre d'affaires devise,USD,Juin,23403.6
Russie,ELINAR,FP1 COUPE,USD,Chiffre d'affaires devise,USD,Juillet,19047.6
Russie,ELINAR,FP1 COUPE,USD,Chiffre d'affaires devise,USD,Août,23298.0
Russie,ELINAR,FP1 COUPE,USD,Chiffre d'affaires devise,USD,Septembre,24736.8
Russie,ELINAR,FP1 COUPE,USD,Chiffre d'affaires devise,USD,Octobre,21648.0
Russie,ELINAR,FP1 COUPE,USD,Chiffre d'affaires devise,USD,Novembre,24037.2
Russie,ELINAR,FP1 COUPE,USD,Chiffre d'affaires devise,USD,Décembre,26043.6
Russie,ELINAR,FP1 COUPE,USD,Chiffre d'affaires MGA,MGA,Janvier,1.0062162E8
Russie,ELINAR,FP1 COUPE,USD,Chiffre d'affaires MGA,MGA,Février,7.436484E7
Russie,ELINAR,FP1 COUPE,USD,Chiffre d'affaires MGA,MGA,Mars,1.1348568E8
Russie,ELINAR,FP1 COUPE,USD,Chiffre d'affaires MGA,MGA,Avril,8.100246E7
Russie,ELINAR,FP1 COUPE,USD,Chiffre d'affaires MGA,MGA,Mai,1.2294282E8
Russie,ELINAR,FP1 COUPE,USD,Chiffre d'affaires MGA,MGA,Juin,1.0414602E8
Russie,ELINAR,FP1 COUPE,USD,Chiffre d'affaires MGA,MGA,Juillet,8.476182E7
Russie,ELINAR,FP1 COUPE,USD,Chiffre d'affaires MGA,MGA,Août,1.036761E8
Russie,ELINAR,FP1 COUPE,USD,Chiffre d'affaires MGA,MGA,Septembre,1.1007876E8
Russie,ELINAR,FP1 COUPE,USD,Chiffre d'affaires MGA,MGA,Octobre,9.63336E7
Russie,ELINAR,FP1 COUPE,USD,Chiffre d'affaires MGA,MGA,Novembre,1.0696554E8
Russie,ELINAR,FP1 COUPE,USD,Chiffre d'affaires MGA,MGA,Décembre,1.1589402E8
Russie,ELINAR,FP2 COUPE,USD,Quantité exportée,tonnes,Janvier,14.67
Russie,ELINAR,FP2 COUPE,USD,Quantité exportée,tonnes,Février,15.16
Russie,ELINAR,FP2 COUPE,USD,Quantité exportée,tonnes,Mars,16.67
Russie,ELINAR,FP2 COUPE,USD,Quantité exportée,tonnes,Avril,14.66
Russie,ELINAR,FP2 COUPE,USD,Quantité exportée,tonnes,Mai,15.19
Russie,ELINAR,FP2 COUPE,USD,Quantité exportée,tonnes,Juin,13.32
Russie,ELINAR,FP2 COUPE,USD,Quantité exportée,tonnes,Juillet,18.69
Russie,ELINAR,FP2 COUPE,USD,Quantité exportée,tonnes,Août,18.89
Russie,ELINAR,FP2 COUPE,USD,Quantité exportée,tonnes,Septembre,12.49
Russie,ELINAR,FP2 COUPE,USD,Quantité exportée,tonnes,Octobre,14.8
Russie,ELINAR,FP2 COUPE,USD,Quantité exportée,tonnes,Novembre,12.51
Russie,ELINAR,FP2 COUPE,USD,Quantité exportée,tonnes,Décembre,13.17
Russie,ELINAR,FP2 COUPE,USD,Chiffre d'affaires devise,USD,Janvier,18630.9
Russie,ELINAR,FP2 COUPE,USD,Chiffre d'affaires devise,USD,Février,19253.2
Russie,ELINAR,FP2 COUPE,USD,Chiffre d'affaires devise,USD,Mars,21170.9
Russie,ELINAR,FP2 COUPE,USD,Chiffre d'affaires devise,USD,Avril,18618.2
Russie,ELINAR,FP2 COUPE,USD,Chiffre d'affaires devise,USD,Mai,19291.3
Russie,ELINAR,FP2 COUPE,USD,Chiffre d'affaires devise,USD,Juin,16916.4
Russie,ELINAR,FP2 COUPE,USD,Chiffre d'affaires devise,USD,Juillet,23736.3
Russie,ELINAR,FP2 COUPE,USD,Chiffre d'affaires devise,USD,Août,23990.3
Russie,ELINAR,FP2 COUPE,USD,Chiffre d'affaires devise,USD,Septembre,15862.3
Russie,ELINAR,FP2 COUPE,USD,Chiffre d'affaires devise,USD,Octobre,18796.0
Russie,ELINAR,FP2 COUPE,USD,Chiffre d'affaires devise,USD,Novembre,15887.7
Russie,ELINAR,FP2 COUPE,USD,Chiffre d'affaires devise,USD,Décembre,16725.9
Russie,ELINAR,FP2 COUPE,USD,Chiffre d'affaires MGA,MGA,Janvier,8.2907505E7
Russie,ELINAR,FP2 COUPE,USD,Chiffre d'affaires MGA,MGA,Février,8.567674E7
Russie,ELINAR,FP2 COUPE,USD,Chiffre d'affaires MGA,MGA,Mars,9.4210505E7
Russie,ELINAR,FP2 COUPE,USD,Chiffre d'affaires MGA,MGA,Avril,8.285099E7
Russie,ELINAR,FP2 COUPE,USD,Chiffre d'affaires MGA,MGA,Mai,8.5846285E7
Russie,ELINAR,FP2 COUPE,USD,Chiffre d'affaires MGA,MGA,Juin,7.527798E7
Russie,ELINAR,FP2 COUPE,USD,Chiffre d'affaires MGA,MGA,Juillet,1.05626535E8
Russie,ELINAR,FP2 COUPE,USD,Chiffre d'affaires MGA,MGA,Août,1.06756835E8
Russie,ELINAR,FP2 COUPE,USD,Chiffre d'affaires MGA,MGA,Septembre,7.0587235E7
Russie,ELINAR,FP2 COUPE,USD,Chiffre d'affaires MGA,MGA,Octobre,8.36422E7
Russie,ELINAR,FP2 COUPE,USD,Chiffre d'affaires MGA,MGA,Novembre,7.0700265E7
Russie,ELINAR,FP2 COUPE,USD,Chiffre d'affaires MGA,MGA,Décembre,7.4430255E7
Russie,ELINAR,TRA,USD,Quantité exportée,tonnes,Janvier,19.18
Russie,ELINAR,TRA,USD,Quantité exportée,tonnes,Février,25.19
Russie,ELINAR,TRA,USD,Quantité exportée,tonnes,Mars,16.03
Russie,ELINAR,TRA,USD,Quantité exportée,tonnes,Avril,21.7
Russie,ELINAR,TRA,USD,Quantité exportée,tonnes,Mai,19.09
Russie,ELINAR,TRA,USD,Quantité exportée,tonnes,Juin,17.42
Russie,ELINAR,TRA,USD,Quantité exportée,tonnes,Juillet,22.46
Russie,ELINAR,TRA,USD,Quantité exportée,tonnes,Août,23.18
Russie,ELINAR,TRA,USD,Quantité exportée,tonnes,Septembre,16.12
Russie,ELINAR,TRA,USD,Quantité exportée,tonnes,Octobre,15.33
Russie,ELINAR,TRA,USD,Quantité exportée,tonnes,Novembre,25.26
Russie,ELINAR,TRA,USD,Quantité exportée,tonnes,Décembre,20.56
Russie,ELINAR,TRA,USD,Chiffre d'affaires devise,USD,Janvier,26660.2
Russie,ELINAR,TRA,USD,Chiffre d'affaires devise,USD,Février,35014.1
Russie,ELINAR,TRA,USD,Chiffre d'affaires devise,USD,Mars,22281.7
Russie,ELINAR,TRA,USD,Chiffre d'affaires devise,USD,Avril,30163.0
Russie,ELINAR,TRA,USD,Chiffre d'affaires devise,USD,Mai,26535.1
Russie,ELINAR,TRA,USD,Chiffre d'affaires devise,USD,Juin,24213.8
Russie,ELINAR,TRA,USD,Chiffre d'affaires devise,USD,Juillet,31219.4
Russie,ELINAR,TRA,USD,Chiffre d'affaires devise,USD,Août,32220.2
Russie,ELINAR,TRA,USD,Chiffre d'affaires devise,USD,Septembre,22406.8
Russie,ELINAR,TRA,USD,Chiffre d'affaires devise,USD,Octobre,21308.7
Russie,ELINAR,TRA,USD,Chiffre d'affaires devise,USD,Novembre,35111.4
Russie,ELINAR,TRA,USD,Chiffre d'affaires devise,USD,Décembre,28578.4
Russie,ELINAR,TRA,USD,Chiffre d'affaires MGA,MGA,Janvier,1.1863789E8
Russie,ELINAR,TRA,USD,Chiffre d'affaires MGA,MGA,Février,1.55812745E8
Russie,ELINAR,TRA,USD,Chiffre d'affaires MGA,MGA,Mars,9.9153565E7
Russie,ELINAR,TRA,USD,Chiffre d'affaires MGA,MGA,Avril,1.3422535E8
Russie,ELINAR,TRA,USD,Chiffre d'affaires MGA,MGA,Mai,1.18081195E8
Russie,ELINAR,TRA,USD,Chiffre d'affaires MGA,MGA,Juin,1.0775141E8
Russie,ELINAR,TRA,USD,Chiffre d'affaires MGA,MGA,Juillet,1.3892633E8
Russie,ELINAR,TRA,USD,Chiffre d'affaires MGA,MGA,Août,1.4337989E8
Russie,ELINAR,TRA,USD,Chiffre d'affaires MGA,MGA,Septembre,9.971026E7
Russie,ELINAR,TRA,USD,Chiffre d'affaires MGA,MGA,Octobre,9.4823715E7
Russie,ELINAR,TRA,USD,Chiffre d'affaires MGA,MGA,Novembre,1.5624573E8
Russie,ELINAR,TRA,USD,Chiffre d'affaires MGA,MGA,Décembre,1.2717388E8
Russie,ELINAR,BSA,USD,Quantité exportée,tonnes,Janvier,12.62
Russie,ELINAR,BSA,USD,Quantité exportée,tonnes,Février,11.98
Russie,ELINAR,BSA,USD,Quantité exportée,tonnes,Mars,10.11
Russie,ELINAR,BSA,USD,Quantité exportée,tonnes,Avril,14.04
Russie,ELINAR,BSA,USD,Quantité exportée,tonnes,Mai,13.66
Russie,ELINAR,BSA,USD,Quantité exportée,tonnes,Juin,9.69
Russie,ELINAR,BSA,USD,Quantité exportée,tonnes,Juillet,10.37
Russie,ELINAR,BSA,USD,Quantité exportée,tonnes,Août,9.66
Russie,ELINAR,BSA,USD,Quantité exportée,tonnes,Septembre,15.09
Russie,ELINAR,BSA,USD,Quantité exportée,tonnes,Octobre,12.24
Russie,ELINAR,BSA,USD,Quantité exportée,tonnes,Novembre,10.73
Russie,ELINAR,BSA,USD,Quantité exportée,tonnes,Décembre,14.41
Russie,ELINAR,BSA,USD,Chiffre d'affaires devise,USD,Janvier,14891.6
Russie,ELINAR,BSA,USD,Chiffre d'affaires devise,USD,Février,14136.4
Russie,ELINAR,BSA,USD,Chiffre d'affaires devise,USD,Mars,11929.8
Russie,ELINAR,BSA,USD,Chiffre d'affaires devise,USD,Avril,16567.2
Russie,ELINAR,BSA,USD,Chiffre d'affaires devise,USD,Mai,16118.8
Russie,ELINAR,BSA,USD,Chiffre d'affaires devise,USD,Juin,11434.2
Russie,ELINAR,BSA,USD,Chiffre d'affaires devise,USD,Juillet,12236.6
Russie,ELINAR,BSA,USD,Chiffre d'affaires devise,USD,Août,11398.8
Russie,ELINAR,BSA,USD,Chiffre d'affaires devise,USD,Septembre,17806.2
Russie,ELINAR,BSA,USD,Chiffre d'affaires devise,USD,Octobre,14443.2
Russie,ELINAR,BSA,USD,Chiffre d'affaires devise,USD,Novembre,12661.4
Russie,ELINAR,BSA,USD,Chiffre d'affaires devise,USD,Décembre,17003.8
Russie,ELINAR,BSA,USD,Chiffre d'affaires MGA,MGA,Janvier,6.626762E7
Russie,ELINAR,BSA,USD,Chiffre d'affaires MGA,MGA,Février,6.290698E7
Russie,ELINAR,BSA,USD,Chiffre d'affaires MGA,MGA,Mars,5.308761E7
Russie,ELINAR,BSA,USD,Chiffre d'affaires MGA,MGA,Avril,7.372404E7
Russie,ELINAR,BSA,USD,Chiffre d'affaires MGA,MGA,Mai,7.172866E7
Russie,ELINAR,BSA,USD,Chiffre d'affaires MGA,MGA,Juin,5.088219E7
Russie,ELINAR,BSA,USD,Chiffre d'affaires MGA,MGA,Juillet,5.445287E7
Russie,ELINAR,BSA,USD,Chiffre d'affaires MGA,MGA,Août,5.072466E7
Russie,ELINAR,BSA,USD,Chiffre d'affaires MGA,MGA,Septembre,7.923759E7
Russie,ELINAR,BSA,USD,Chiffre d'affaires MGA,MGA,Octobre,6.427224E7
Russie,ELINAR,BSA,USD,Chiffre d'affaires MGA,MGA,Novembre,5.634323E7
Russie,ELINAR,BSA,USD,Chiffre d'affaires MGA,MGA,Décembre,7.566691E7
Chine,REPRESENTANT CHINE - A VALIDER,ABR COUPE,USD,Quantité exportée,tonnes,Janvier,19.87
Chine,REPRESENTANT CHINE - A VALIDER,ABR COUPE,USD,Quantité exportée,tonnes,Février,24.57
Chine,REPRESENTANT CHINE - A VALIDER,ABR COUPE,USD,Quantité exportée,tonnes,Mars,21.9
Chine,REPRESENTANT CHINE - A VALIDER,ABR COUPE,USD,Quantité exportée,tonnes,Avril,18.13
Chine,REPRESENTANT CHINE - A VALIDER,ABR COUPE,USD,Quantité exportée,tonnes,Mai,18.81
Chine,REPRESENTANT CHINE - A VALIDER,ABR COUPE,USD,Quantité exportée,tonnes,Juin,20.63
Chine,REPRESENTANT CHINE - A VALIDER,ABR COUPE,USD,Quantité exportée,tonnes,Juillet,16.81
Chine,REPRESENTANT CHINE - A VALIDER,ABR COUPE,USD,Quantité exportée,tonnes,Août,24.79
Chine,REPRESENTANT CHINE - A VALIDER,ABR COUPE,USD,Quantité exportée,tonnes,Septembre,16.37
Chine,REPRESENTANT CHINE - A VALIDER,ABR COUPE,USD,Quantité exportée,tonnes,Octobre,20.94
Chine,REPRESENTANT CHINE - A VALIDER,ABR COUPE,USD,Quantité exportée,tonnes,Novembre,17.91
Chine,REPRESENTANT CHINE - A VALIDER,ABR COUPE,USD,Quantité exportée,tonnes,Décembre,18.35
Chine,REPRESENTANT CHINE - A VALIDER,ABR COUPE,USD,Chiffre d'affaires devise,USD,Janvier,28811.5
Chine,REPRESENTANT CHINE - A VALIDER,ABR COUPE,USD,Chiffre d'affaires devise,USD,Février,35626.5
Chine,REPRESENTANT CHINE - A VALIDER,ABR COUPE,USD,Chiffre d'affaires devise,USD,Mars,31755.0
Chine,REPRESENTANT CHINE - A VALIDER,ABR COUPE,USD,Chiffre d'affaires devise,USD,Avril,26288.5
Chine,REPRESENTANT CHINE - A VALIDER,ABR COUPE,USD,Chiffre d'affaires devise,USD,Mai,27274.5
Chine,REPRESENTANT CHINE - A VALIDER,ABR COUPE,USD,Chiffre d'affaires devise,USD,Juin,29913.5
Chine,REPRESENTANT CHINE - A VALIDER,ABR COUPE,USD,Chiffre d'affaires devise,USD,Juillet,24374.5
Chine,REPRESENTANT CHINE - A VALIDER,ABR COUPE,USD,Chiffre d'affaires devise,USD,Août,35945.5
Chine,REPRESENTANT CHINE - A VALIDER,ABR COUPE,USD,Chiffre d'affaires devise,USD,Septembre,23736.5
Chine,REPRESENTANT CHINE - A VALIDER,ABR COUPE,USD,Chiffre d'affaires devise,USD,Octobre,30363.0
Chine,REPRESENTANT CHINE - A VALIDER,ABR COUPE,USD,Chiffre d'affaires devise,USD,Novembre,25969.5
Chine,REPRESENTANT CHINE - A VALIDER,ABR COUPE,USD,Chiffre d'affaires devise,USD,Décembre,26607.5
Chine,REPRESENTANT CHINE - A VALIDER,ABR COUPE,USD,Chiffre d'affaires MGA,MGA,Janvier,1.28211175E8
Chine,REPRESENTANT CHINE - A VALIDER,ABR COUPE,USD,Chiffre d'affaires MGA,MGA,Février,1.58537925E8
Chine,REPRESENTANT CHINE - A VALIDER,ABR COUPE,USD,Chiffre d'affaires MGA,MGA,Mars,1.4130975E8
Chine,REPRESENTANT CHINE - A VALIDER,ABR COUPE,USD,Chiffre d'affaires MGA,MGA,Avril,1.16983825E8
Chine,REPRESENTANT CHINE - A VALIDER,ABR COUPE,USD,Chiffre d'affaires MGA,MGA,Mai,1.21371525E8
Chine,REPRESENTANT CHINE - A VALIDER,ABR COUPE,USD,Chiffre d'affaires MGA,MGA,Juin,1.33115075E8
Chine,REPRESENTANT CHINE - A VALIDER,ABR COUPE,USD,Chiffre d'affaires MGA,MGA,Juillet,1.08466525E8
Chine,REPRESENTANT CHINE - A VALIDER,ABR COUPE,USD,Chiffre d'affaires MGA,MGA,Août,1.59957475E8
Chine,REPRESENTANT CHINE - A VALIDER,ABR COUPE,USD,Chiffre d'affaires MGA,MGA,Septembre,1.05627425E8
Chine,REPRESENTANT CHINE - A VALIDER,ABR COUPE,USD,Chiffre d'affaires MGA,MGA,Octobre,1.3511535E8
Chine,REPRESENTANT CHINE - A VALIDER,ABR COUPE,USD,Chiffre d'affaires MGA,MGA,Novembre,1.15564275E8
Chine,REPRESENTANT CHINE - A VALIDER,ABR COUPE,USD,Chiffre d'affaires MGA,MGA,Décembre,1.18403375E8
Chine,REPRESENTANT CHINE - A VALIDER,FP1 COUPE,USD,Quantité exportée,tonnes,Janvier,12.67
Chine,REPRESENTANT CHINE - A VALIDER,FP1 COUPE,USD,Quantité exportée,tonnes,Février,21.44
Chine,REPRESENTANT CHINE - A VALIDER,FP1 COUPE,USD,Quantité exportée,tonnes,Mars,17.88
Chine,REPRESENTANT CHINE - A VALIDER,FP1 COUPE,USD,Quantité exportée,tonnes,Avril,18.28
Chine,REPRESENTANT CHINE - A VALIDER,FP1 COUPE,USD,Quantité exportée,tonnes,Mai,21.06
Chine,REPRESENTANT CHINE - A VALIDER,FP1 COUPE,USD,Quantité exportée,tonnes,Juin,20.0
Chine,REPRESENTANT CHINE - A VALIDER,FP1 COUPE,USD,Quantité exportée,tonnes,Juillet,14.02
Chine,REPRESENTANT CHINE - A VALIDER,FP1 COUPE,USD,Quantité exportée,tonnes,Août,13.37
Chine,REPRESENTANT CHINE - A VALIDER,FP1 COUPE,USD,Quantité exportée,tonnes,Septembre,15.46
Chine,REPRESENTANT CHINE - A VALIDER,FP1 COUPE,USD,Quantité exportée,tonnes,Octobre,19.14
Chine,REPRESENTANT CHINE - A VALIDER,FP1 COUPE,USD,Quantité exportée,tonnes,Novembre,17.55
Chine,REPRESENTANT CHINE - A VALIDER,FP1 COUPE,USD,Quantité exportée,tonnes,Décembre,21.56
Chine,REPRESENTANT CHINE - A VALIDER,FP1 COUPE,USD,Chiffre d'affaires devise,USD,Janvier,16724.4
Chine,REPRESENTANT CHINE - A VALIDER,FP1 COUPE,USD,Chiffre d'affaires devise,USD,Février,28300.8
Chine,REPRESENTANT CHINE - A VALIDER,FP1 COUPE,USD,Chiffre d'affaires devise,USD,Mars,23601.6
Chine,REPRESENTANT CHINE - A VALIDER,FP1 COUPE,USD,Chiffre d'affaires devise,USD,Avril,24129.6
Chine,REPRESENTANT CHINE - A VALIDER,FP1 COUPE,USD,Chiffre d'affaires devise,USD,Mai,27799.2
Chine,REPRESENTANT CHINE - A VALIDER,FP1 COUPE,USD,Chiffre d'affaires devise,USD,Juin,26400.0
Chine,REPRESENTANT CHINE - A VALIDER,FP1 COUPE,USD,Chiffre d'affaires devise,USD,Juillet,18506.4
Chine,REPRESENTANT CHINE - A VALIDER,FP1 COUPE,USD,Chiffre d'affaires devise,USD,Août,17648.4
Chine,REPRESENTANT CHINE - A VALIDER,FP1 COUPE,USD,Chiffre d'affaires devise,USD,Septembre,20407.2
Chine,REPRESENTANT CHINE - A VALIDER,FP1 COUPE,USD,Chiffre d'affaires devise,USD,Octobre,25264.8
Chine,REPRESENTANT CHINE - A VALIDER,FP1 COUPE,USD,Chiffre d'affaires devise,USD,Novembre,23166.0
Chine,REPRESENTANT CHINE - A VALIDER,FP1 COUPE,USD,Chiffre d'affaires devise,USD,Décembre,28459.2
Chine,REPRESENTANT CHINE - A VALIDER,FP1 COUPE,USD,Chiffre d'affaires MGA,MGA,Janvier,7.442358E7
Chine,REPRESENTANT CHINE - A VALIDER,FP1 COUPE,USD,Chiffre d'affaires MGA,MGA,Février,1.2593856E8
Chine,REPRESENTANT CHINE - A VALIDER,FP1 COUPE,USD,Chiffre d'affaires MGA,MGA,Mars,1.0502712E8
Chine,REPRESENTANT CHINE - A VALIDER,FP1 COUPE,USD,Chiffre d'affaires MGA,MGA,Avril,1.0737672E8
Chine,REPRESENTANT CHINE - A VALIDER,FP1 COUPE,USD,Chiffre d'affaires MGA,MGA,Mai,1.2370644E8
Chine,REPRESENTANT CHINE - A VALIDER,FP1 COUPE,USD,Chiffre d'affaires MGA,MGA,Juin,1.1748E8
Chine,REPRESENTANT CHINE - A VALIDER,FP1 COUPE,USD,Chiffre d'affaires MGA,MGA,Juillet,8.235348E7
Chine,REPRESENTANT CHINE - A VALIDER,FP1 COUPE,USD,Chiffre d'affaires MGA,MGA,Août,7.853538E7
Chine,REPRESENTANT CHINE - A VALIDER,FP1 COUPE,USD,Chiffre d'affaires MGA,MGA,Septembre,9.081204E7
Chine,REPRESENTANT CHINE - A VALIDER,FP1 COUPE,USD,Chiffre d'affaires MGA,MGA,Octobre,1.1242836E8
Chine,REPRESENTANT CHINE - A VALIDER,FP1 COUPE,USD,Chiffre d'affaires MGA,MGA,Novembre,1.030887E8
Chine,REPRESENTANT CHINE - A VALIDER,FP1 COUPE,USD,Chiffre d'affaires MGA,MGA,Décembre,1.2664344E8
Chine,REPRESENTANT CHINE - A VALIDER,FP2 COUPE,USD,Quantité exportée,tonnes,Janvier,17.99
Chine,REPRESENTANT CHINE - A VALIDER,FP2 COUPE,USD,Quantité exportée,tonnes,Février,18.1
Chine,REPRESENTANT CHINE - A VALIDER,FP2 COUPE,USD,Quantité exportée,tonnes,Mars,15.91
Chine,REPRESENTANT CHINE - A VALIDER,FP2 COUPE,USD,Quantité exportée,tonnes,Avril,14.67
Chine,REPRESENTANT CHINE - A VALIDER,FP2 COUPE,USD,Quantité exportée,tonnes,Mai,14.81
Chine,REPRESENTANT CHINE - A VALIDER,FP2 COUPE,USD,Quantité exportée,tonnes,Juin,10.9
Chine,REPRESENTANT CHINE - A VALIDER,FP2 COUPE,USD,Quantité exportée,tonnes,Juillet,16.96
Chine,REPRESENTANT CHINE - A VALIDER,FP2 COUPE,USD,Quantité exportée,tonnes,Août,17.89
Chine,REPRESENTANT CHINE - A VALIDER,FP2 COUPE,USD,Quantité exportée,tonnes,Septembre,14.05
Chine,REPRESENTANT CHINE - A VALIDER,FP2 COUPE,USD,Quantité exportée,tonnes,Octobre,19.18
Chine,REPRESENTANT CHINE - A VALIDER,FP2 COUPE,USD,Quantité exportée,tonnes,Novembre,11.04
Chine,REPRESENTANT CHINE - A VALIDER,FP2 COUPE,USD,Quantité exportée,tonnes,Décembre,17.98
Chine,REPRESENTANT CHINE - A VALIDER,FP2 COUPE,USD,Chiffre d'affaires devise,USD,Janvier,22847.3
Chine,REPRESENTANT CHINE - A VALIDER,FP2 COUPE,USD,Chiffre d'affaires devise,USD,Février,22987.0
Chine,REPRESENTANT CHINE - A VALIDER,FP2 COUPE,USD,Chiffre d'affaires devise,USD,Mars,20205.7
Chine,REPRESENTANT CHINE - A VALIDER,FP2 COUPE,USD,Chiffre d'affaires devise,USD,Avril,18630.9
Chine,REPRESENTANT CHINE - A VALIDER,FP2 COUPE,USD,Chiffre d'affaires devise,USD,Mai,18808.7
Chine,REPRESENTANT CHINE - A VALIDER,FP2 COUPE,USD,Chiffre d'affaires devise,USD,Juin,13843.0
Chine,REPRESENTANT CHINE - A VALIDER,FP2 COUPE,USD,Chiffre d'affaires devise,USD,Juillet,21539.2
Chine,REPRESENTANT CHINE - A VALIDER,FP2 COUPE,USD,Chiffre d'affaires devise,USD,Août,22720.3
Chine,REPRESENTANT CHINE - A VALIDER,FP2 COUPE,USD,Chiffre d'affaires devise,USD,Septembre,17843.5
Chine,REPRESENTANT CHINE - A VALIDER,FP2 COUPE,USD,Chiffre d'affaires devise,USD,Octobre,24358.6
Chine,REPRESENTANT CHINE - A VALIDER,FP2 COUPE,USD,Chiffre d'affaires devise,USD,Novembre,14020.8
Chine,REPRESENTANT CHINE - A VALIDER,FP2 COUPE,USD,Chiffre d'affaires devise,USD,Décembre,22834.6
Chine,REPRESENTANT CHINE - A VALIDER,FP2 COUPE,USD,Chiffre d'affaires MGA,MGA,Janvier,1.01670485E8
Chine,REPRESENTANT CHINE - A VALIDER,FP2 COUPE,USD,Chiffre d'affaires MGA,MGA,Février,1.0229215E8
Chine,REPRESENTANT CHINE - A VALIDER,FP2 COUPE,USD,Chiffre d'affaires MGA,MGA,Mars,8.9915365E7
Chine,REPRESENTANT CHINE - A VALIDER,FP2 COUPE,USD,Chiffre d'affaires MGA,MGA,Avril,8.2907505E7
Chine,REPRESENTANT CHINE - A VALIDER,FP2 COUPE,USD,Chiffre d'affaires MGA,MGA,Mai,8.3698715E7
Chine,REPRESENTANT CHINE - A VALIDER,FP2 COUPE,USD,Chiffre d'affaires MGA,MGA,Juin,6.160135E7
Chine,REPRESENTANT CHINE - A VALIDER,FP2 COUPE,USD,Chiffre d'affaires MGA,MGA,Juillet,9.584944E7
Chine,REPRESENTANT CHINE - A VALIDER,FP2 COUPE,USD,Chiffre d'affaires MGA,MGA,Août,1.01105335E8
Chine,REPRESENTANT CHINE - A VALIDER,FP2 COUPE,USD,Chiffre d'affaires MGA,MGA,Septembre,7.9403575E7
Chine,REPRESENTANT CHINE - A VALIDER,FP2 COUPE,USD,Chiffre d'affaires MGA,MGA,Octobre,1.0839577E8
Chine,REPRESENTANT CHINE - A VALIDER,FP2 COUPE,USD,Chiffre d'affaires MGA,MGA,Novembre,6.239256E7
Chine,REPRESENTANT CHINE - A VALIDER,FP2 COUPE,USD,Chiffre d'affaires MGA,MGA,Décembre,1.0161397E8
Chine,REPRESENTANT CHINE - A VALIDER,TRA,USD,Quantité exportée,tonnes,Janvier,22.73
Chine,REPRESENTANT CHINE - A VALIDER,TRA,USD,Quantité exportée,tonnes,Février,23.74
Chine,REPRESENTANT CHINE - A VALIDER,TRA,USD,Quantité exportée,tonnes,Mars,22.85
Chine,REPRESENTANT CHINE - A VALIDER,TRA,USD,Quantité exportée,tonnes,Avril,18.55
Chine,REPRESENTANT CHINE - A VALIDER,TRA,USD,Quantité exportée,tonnes,Mai,18.96
Chine,REPRESENTANT CHINE - A VALIDER,TRA,USD,Quantité exportée,tonnes,Juin,20.47
Chine,REPRESENTANT CHINE - A VALIDER,TRA,USD,Quantité exportée,tonnes,Juillet,25.54
Chine,REPRESENTANT CHINE - A VALIDER,TRA,USD,Quantité exportée,tonnes,Août,16.07
Chine,REPRESENTANT CHINE - A VALIDER,TRA,USD,Quantité exportée,tonnes,Septembre,17.62
Chine,REPRESENTANT CHINE - A VALIDER,TRA,USD,Quantité exportée,tonnes,Octobre,23.8
Chine,REPRESENTANT CHINE - A VALIDER,TRA,USD,Quantité exportée,tonnes,Novembre,15.8
Chine,REPRESENTANT CHINE - A VALIDER,TRA,USD,Quantité exportée,tonnes,Décembre,16.23
Chine,REPRESENTANT CHINE - A VALIDER,TRA,USD,Chiffre d'affaires devise,USD,Janvier,31594.7
Chine,REPRESENTANT CHINE - A VALIDER,TRA,USD,Chiffre d'affaires devise,USD,Février,32998.6
Chine,REPRESENTANT CHINE - A VALIDER,TRA,USD,Chiffre d'affaires devise,USD,Mars,31761.5
Chine,REPRESENTANT CHINE - A VALIDER,TRA,USD,Chiffre d'affaires devise,USD,Avril,25784.5
Chine,REPRESENTANT CHINE - A VALIDER,TRA,USD,Chiffre d'affaires devise,USD,Mai,26354.4
Chine,REPRESENTANT CHINE - A VALIDER,TRA,USD,Chiffre d'affaires devise,USD,Juin,28453.3
Chine,REPRESENTANT CHINE - A VALIDER,TRA,USD,Chiffre d'affaires devise,USD,Juillet,35500.6
Chine,REPRESENTANT CHINE - A VALIDER,TRA,USD,Chiffre d'affaires devise,USD,Août,22337.3
Chine,REPRESENTANT CHINE - A VALIDER,TRA,USD,Chiffre d'affaires devise,USD,Septembre,24491.8
Chine,REPRESENTANT CHINE - A VALIDER,TRA,USD,Chiffre d'affaires devise,USD,Octobre,33082.0
Chine,REPRESENTANT CHINE - A VALIDER,TRA,USD,Chiffre d'affaires devise,USD,Novembre,21962.0
Chine,REPRESENTANT CHINE - A VALIDER,TRA,USD,Chiffre d'affaires devise,USD,Décembre,22559.7
Chine,REPRESENTANT CHINE - A VALIDER,TRA,USD,Chiffre d'affaires MGA,MGA,Janvier,1.40596415E8
Chine,REPRESENTANT CHINE - A VALIDER,TRA,USD,Chiffre d'affaires MGA,MGA,Février,1.4684377E8
Chine,REPRESENTANT CHINE - A VALIDER,TRA,USD,Chiffre d'affaires MGA,MGA,Mars,1.41338675E8
Chine,REPRESENTANT CHINE - A VALIDER,TRA,USD,Chiffre d'affaires MGA,MGA,Avril,1.14741025E8
Chine,REPRESENTANT CHINE - A VALIDER,TRA,USD,Chiffre d'affaires MGA,MGA,Mai,1.1727708E8
Chine,REPRESENTANT CHINE - A VALIDER,TRA,USD,Chiffre d'affaires MGA,MGA,Juin,1.26617185E8
Chine,REPRESENTANT CHINE - A VALIDER,TRA,USD,Chiffre d'affaires MGA,MGA,Juillet,1.5797767E8
Chine,REPRESENTANT CHINE - A VALIDER,TRA,USD,Chiffre d'affaires MGA,MGA,Août,9.9400985E7
Chine,REPRESENTANT CHINE - A VALIDER,TRA,USD,Chiffre d'affaires MGA,MGA,Septembre,1.0898851E8
Chine,REPRESENTANT CHINE - A VALIDER,TRA,USD,Chiffre d'affaires MGA,MGA,Octobre,1.472149E8
Chine,REPRESENTANT CHINE - A VALIDER,TRA,USD,Chiffre d'affaires MGA,MGA,Novembre,9.77309E7
Chine,REPRESENTANT CHINE - A VALIDER,TRA,USD,Chiffre d'affaires MGA,MGA,Décembre,1.00390665E8
Chine,REPRESENTANT CHINE - A VALIDER,BSA,USD,Quantité exportée,tonnes,Janvier,13.16
Chine,REPRESENTANT CHINE - A VALIDER,BSA,USD,Quantité exportée,tonnes,Février,10.15
Chine,REPRESENTANT CHINE - A VALIDER,BSA,USD,Quantité exportée,tonnes,Mars,11.08
Chine,REPRESENTANT CHINE - A VALIDER,BSA,USD,Quantité exportée,tonnes,Avril,13.87
Chine,REPRESENTANT CHINE - A VALIDER,BSA,USD,Quantité exportée,tonnes,Mai,14.4
Chine,REPRESENTANT CHINE - A VALIDER,BSA,USD,Quantité exportée,tonnes,Juin,11.31
Chine,REPRESENTANT CHINE - A VALIDER,BSA,USD,Quantité exportée,tonnes,Juillet,14.48
Chine,REPRESENTANT CHINE - A VALIDER,BSA,USD,Quantité exportée,tonnes,Août,13.7
Chine,REPRESENTANT CHINE - A VALIDER,BSA,USD,Quantité exportée,tonnes,Septembre,9.52
Chine,REPRESENTANT CHINE - A VALIDER,BSA,USD,Quantité exportée,tonnes,Octobre,13.14
Chine,REPRESENTANT CHINE - A VALIDER,BSA,USD,Quantité exportée,tonnes,Novembre,9.13
Chine,REPRESENTANT CHINE - A VALIDER,BSA,USD,Quantité exportée,tonnes,Décembre,10.3
Chine,REPRESENTANT CHINE - A VALIDER,BSA,USD,Chiffre d'affaires devise,USD,Janvier,15528.8
Chine,REPRESENTANT CHINE - A VALIDER,BSA,USD,Chiffre d'affaires devise,USD,Février,11977.0
Chine,REPRESENTANT CHINE - A VALIDER,BSA,USD,Chiffre d'affaires devise,USD,Mars,13074.4
Chine,REPRESENTANT CHINE - A VALIDER,BSA,USD,Chiffre d'affaires devise,USD,Avril,16366.6
Chine,REPRESENTANT CHINE - A VALIDER,BSA,USD,Chiffre d'affaires devise,USD,Mai,16992.0
Chine,REPRESENTANT CHINE - A VALIDER,BSA,USD,Chiffre d'affaires devise,USD,Juin,13345.8
Chine,REPRESENTANT CHINE - A VALIDER,BSA,USD,Chiffre d'affaires devise,USD,Juillet,17086.4
Chine,REPRESENTANT CHINE - A VALIDER,BSA,USD,Chiffre d'affaires devise,USD,Août,16166.0
Chine,REPRESENTANT CHINE - A VALIDER,BSA,USD,Chiffre d'affaires devise,USD,Septembre,11233.6
Chine,REPRESENTANT CHINE - A VALIDER,BSA,USD,Chiffre d'affaires devise,USD,Octobre,15505.2
Chine,REPRESENTANT CHINE - A VALIDER,BSA,USD,Chiffre d'affaires devise,USD,Novembre,10773.4
Chine,REPRESENTANT CHINE - A VALIDER,BSA,USD,Chiffre d'affaires devise,USD,Décembre,12154.0
Chine,REPRESENTANT CHINE - A VALIDER,BSA,USD,Chiffre d'affaires MGA,MGA,Janvier,6.910316E7
Chine,REPRESENTANT CHINE - A VALIDER,BSA,USD,Chiffre d'affaires MGA,MGA,Février,5.329765E7
Chine,REPRESENTANT CHINE - A VALIDER,BSA,USD,Chiffre d'affaires MGA,MGA,Mars,5.818108E7
Chine,REPRESENTANT CHINE - A VALIDER,BSA,USD,Chiffre d'affaires MGA,MGA,Avril,7.283137E7
Chine,REPRESENTANT CHINE - A VALIDER,BSA,USD,Chiffre d'affaires MGA,MGA,Mai,7.56144E7
Chine,REPRESENTANT CHINE - A VALIDER,BSA,USD,Chiffre d'affaires MGA,MGA,Juin,5.938881E7
Chine,REPRESENTANT CHINE - A VALIDER,BSA,USD,Chiffre d'affaires MGA,MGA,Juillet,7.603448E7
Chine,REPRESENTANT CHINE - A VALIDER,BSA,USD,Chiffre d'affaires MGA,MGA,Août,7.19387E7
Chine,REPRESENTANT CHINE - A VALIDER,BSA,USD,Chiffre d'affaires MGA,MGA,Septembre,4.998952E7
Chine,REPRESENTANT CHINE - A VALIDER,BSA,USD,Chiffre d'affaires MGA,MGA,Octobre,6.899814E7
Chine,REPRESENTANT CHINE - A VALIDER,BSA,USD,Chiffre d'affaires MGA,MGA,Novembre,4.794163E7
Chine,REPRESENTANT CHINE - A VALIDER,BSA,USD,Chiffre d'affaires MGA,MGA,Décembre,5.40853E7
