Pays,Entité représentatrice,Produit,Devise,numero_mois,mois,Quantité exportée,Chiffre d'affaires devise,Chiffre d'affaires MGA
Chine,REPRESENTANT CHINE - A VALIDER,ABR COUPE,USD,1,Janvier,19.87,28811.5,1.28211175E8
Chine,REPRESENTANT CHINE - A VALIDER,ABR COUPE,USD,2,Février,24.57,35626.5,1.58537925E8
Chine,REPRESENTANT CHINE - A VALIDER,ABR COUPE,USD,3,Mars,21.9,31755.0,1.4130975E8
Chine,REPRESENTANT CHINE - A VALIDER,ABR COUPE,USD,4,Avril,18.13,26288.5,1.16983825E8
Chine,REPRESENTANT CHINE - A VALIDER,ABR COUPE,USD,5,Mai,18.81,27274.5,1.21371525E8
Chine,REPRESENTANT CHINE - A VALIDER,ABR COUPE,USD,6,Juin,20.63,29913.5,1.33115075E8
Chine,REPRESENTANT CHINE - A VALIDER,ABR COUPE,USD,7,Juillet,16.81,24374.5,1.08466525E8
Chine,REPRESENTANT CHINE - A VALIDER,ABR COUPE,USD,8,Août,24.79,35945.5,1.59957475E8
Chine,REPRESENTANT CHINE - A VALIDER,ABR COUPE,USD,9,Septembre,16.37,23736.5,1.05627425E8
Chine,REPRESENTANT CHINE - A VALIDER,ABR COUPE,USD,10,Octobre,20.94,30363.0,1.3511535E8
Chine,REPRESENTANT CHINE - A VALIDER,ABR COUPE,USD,11,Novembre,17.91,25969.5,1.15564275E8
Chine,REPRESENTANT CHINE - A VALIDER,ABR COUPE,USD,12,Décembre,18.35,26607.5,1.18403375E8
Chine,REPRESENTANT CHINE - A VALIDER,BSA,USD,1,Janvier,13.16,15528.8,6.910316E7
Chine,REPRESENTANT CHINE - A VALIDER,BSA,USD,2,Février,10.15,11977.0,5.329765E7
Chine,REPRESENTANT CHINE - A VALIDER,BSA,USD,3,Mars,11.08,13074.4,5.818108E7
Chine,REPRESENTANT CHINE - A VALIDER,BSA,USD,4,Avril,13.87,16366.6,7.283137E7
Chine,REPRESENTANT CHINE - A VALIDER,BSA,USD,5,Mai,14.4,16992.0,7.56144E7
Chine,REPRESENTANT CHINE - A VALIDER,BSA,USD,6,Juin,11.31,13345.8,5.938881E7
Chine,REPRESENTANT CHINE - A VALIDER,BSA,USD,7,Juillet,14.48,17086.4,7.603448E7
Chine,REPRESENTANT CHINE - A VALIDER,BSA,USD,8,Août,13.7,16166.0,7.19387E7
Chine,REPRESENTANT CHINE - A VALIDER,BSA,USD,9,Septembre,9.52,11233.6,4.998952E7
Chine,REPRESENTANT CHINE - A VALIDER,BSA,USD,10,Octobre,13.14,15505.2,6.899814E7
Chine,REPRESENTANT CHINE - A VALIDER,BSA,USD,11,Novembre,9.13,10773.4,4.794163E7
Chine,REPRESENTANT CHINE - A VALIDER,BSA,USD,12,Décembre,10.3,12154.0,5.40853E7
Chine,REPRESENTANT CHINE - A VALIDER,FP1 COUPE,USD,1,Janvier,12.67,16724.4,7.442358E7
Chine,REPRESENTANT CHINE - A VALIDER,FP1 COUPE,USD,2,Février,21.44,28300.8,1.2593856E8
Chine,REPRESENTANT CHINE - A VALIDER,FP1 COUPE,USD,3,Mars,17.88,23601.6,1.0502712E8
Chine,REPRESENTANT CHINE - A VALIDER,FP1 COUPE,USD,4,Avril,18.28,24129.6,1.0737672E8
Chine,REPRESENTANT CHINE - A VALIDER,FP1 COUPE,USD,5,Mai,21.06,27799.2,1.2370644E8
Chine,REPRESENTANT CHINE - A VALIDER,FP1 COUPE,USD,6,Juin,20.0,26400.0,1.1748E8
Chine,REPRESENTANT CHINE - A VALIDER,FP1 COUPE,USD,7,Juillet,14.02,18506.4,8.235348E7
Chine,REPRESENTANT CHINE - A VALIDER,FP1 COUPE,USD,8,Août,13.37,17648.4,7.853538E7
Chine,REPRESENTANT CHINE - A VALIDER,FP1 COUPE,USD,9,Septembre,15.46,20407.2,9.081204E7
Chine,REPRESENTANT CHINE - A VALIDER,FP1 COUPE,USD,10,Octobre,19.14,25264.8,1.1242836E8
Chine,REPRESENTANT CHINE - A VALIDER,FP1 COUPE,USD,11,Novembre,17.55,23166.0,1.030887E8
Chine,REPRESENTANT CHINE - A VALIDER,FP1 COUPE,USD,12,Décembre,21.56,28459.2,1.2664344E8
Chine,REPRESENTANT CHINE - A VALIDER,FP2 COUPE,USD,1,Janvier,17.99,22847.3,1.01670485E8
Chine,REPRESENTANT CHINE - A VALIDER,FP2 COUPE,USD,2,Février,18.1,22987.0,1.0229215E8
Chine,REPRESENTANT CHINE - A VALIDER,FP2 COUPE,USD,3,Mars,15.91,20205.7,8.9915365E7
Chine,REPRESENTANT CHINE - A VALIDER,FP2 COUPE,USD,4,Avril,14.67,18630.9,8.2907505E7
Chine,REPRESENTANT CHINE - A VALIDER,FP2 COUPE,USD,5,Mai,14.81,18808.7,8.3698715E7
Chine,REPRESENTANT CHINE - A VALIDER,FP2 COUPE,USD,6,Juin,10.9,13843.0,6.160135E7
Chine,REPRESENTANT CHINE - A VALIDER,FP2 COUPE,USD,7,Juillet,16.96,21539.2,9.584944E7
Chine,REPRESENTANT CHINE - A VALIDER,FP2 COUPE,USD,8,Août,17.89,22720.3,1.01105335E8
Chine,REPRESENTANT CHINE - A VALIDER,FP2 COUPE,USD,9,Septembre,14.05,17843.5,7.9403575E7
Chine,REPRESENTANT CHINE - A VALIDER,FP2 COUPE,USD,10,Octobre,19.18,24358.6,1.0839577E8
Chine,REPRESENTANT CHINE - A VALIDER,FP2 COUPE,USD,11,Novembre,11.04,14020.8,6.239256E7
Chine,REPRESENTANT CHINE - A VALIDER,FP2 COUPE,USD,12,Décembre,17.98,22834.6,1.0161397E8
Chine,REPRESENTANT CHINE - A VALIDER,TRA,USD,1,Janvier,22.73,31594.7,1.40596415E8
Chine,REPRESENTANT CHINE - A VALIDER,TRA,USD,2,Février,23.74,32998.6,1.4684377E8
Chine,REPRESENTANT CHINE - A VALIDER,TRA,USD,3,Mars,22.85,31761.5,1.41338675E8
Chine,REPRESENTANT CHINE - A VALIDER,TRA,USD,4,Avril,18.55,25784.5,1.14741025E8
Chine,REPRESENTANT CHINE - A VALIDER,TRA,USD,5,Mai,18.96,26354.4,1.1727708E8
Chine,REPRESENTANT CHINE - A VALIDER,TRA,USD,6,Juin,20.47,28453.3,1.26617185E8
Chine,REPRESENTANT CHINE - A VALIDER,TRA,USD,7,Juillet,25.54,35500.6,1.5797767E8
Chine,REPRESENTANT CHINE - A VALIDER,TRA,USD,8,Août,16.07,22337.3,9.9400985E7
Chine,REPRESENTANT CHINE - A VALIDER,TRA,USD,9,Septembre,17.62,24491.8,1.0898851E8
Chine,REPRESENTANT CHINE - A VALIDER,TRA,USD,10,Octobre,23.8,33082.0,1.472149E8
Chine,REPRESENTANT CHINE - A VALIDER,TRA,USD,11,Novembre,15.8,21962.0,9.77309E7
Chine,REPRESENTANT CHINE - A VALIDER,TRA,USD,12,Décembre,16.23,22559.7,1.00390665E8
Japon,GOODEIS,ABR COUPE,JPY,1,Janvier,26.98,4991300.0,1.5223465E8
Japon,GOODEIS,ABR COUPE,JPY,2,Février,20.36,3766600.0,1.148813E8
Japon,GOODEIS,ABR COUPE,JPY,3,Mars,16.55,3061750.0,9.3383375E7
Japon,GOODEIS,ABR COUPE,JPY,4,Avril,18.41,3405850.0,1.03878425E8
Japon,GOODEIS,ABR COUPE,JPY,5,Mai,16.68,3085800.0,9.41169E7
Japon,GOODEIS,ABR COUPE,JPY,6,Juin,25.44,4706400.0,1.435452E8
Japon,GOODEIS,ABR COUPE,JPY,7,Juillet,21.5,3977500.0,1.2131375E8
Japon,GOODEIS,ABR COUPE,JPY,8,Août,25.5,4717500.0,1.4388375E8
Japon,GOODEIS,ABR COUPE,JPY,9,Septembre,16.9,3126500.0,9.535825E7
Japon,GOODEIS,ABR COUPE,JPY,10,Octobre,15.88,2937800.0,8.96029E7
Japon,GOODEIS,ABR COUPE,JPY,11,Novembre,16.83,3113550.0,9.4963275E7
Japon,GOODEIS,ABR COUPE,JPY,12,Décembre,25.95,4800750.0,1.46422875E8
Japon,GOODEIS,BSA,JPY,1,Janvier,11.07,1715850.0,5.2333425E7
Japon,GOODEIS,BSA,JPY,2,Février,10.97,1700350.0,5.1860675E7
Japon,GOODEIS,BSA,JPY,3,Mars,9.46,1466300.0,4.472215E7
Japon,GOODEIS,BSA,JPY,4,Avril,9.93,1539150.0,4.6944075E7
Japon,GOODEIS,BSA,JPY,5,Mai,12.15,1883250.0,5.7439125E7
Japon,GOODEIS,BSA,JPY,6,Juin,14.06,2179300.0,6.646865E7
Japon,GOODEIS,BSA,JPY,7,Juillet,9.35,1449250.0,4.4202125E7
Japon,GOODEIS,BSA,JPY,8,Août,12.71,1970050.0,6.0086525E7
Japon,GOODEIS,BSA,JPY,9,Septembre,11.77,1824350.0,5.5642675E7
Japon,GOODEIS,BSA,JPY,10,Octobre,13.79,2137450.0,6.5192225E7
Japon,GOODEIS,BSA,JPY,11,Novembre,12.49,1935950.0,5.9046475E7
Japon,GOODEIS,BSA,JPY,12,Décembre,13.58,2104900.0,6.419945E7
Japon,GOODEIS,FP1 COUPE,JPY,1,Janvier,18.23,3117330.0,9.5078565E7
Japon,GOODEIS,FP1 COUPE,JPY,2,Février,14.24,2435040.0,7.426872E7
Japon,GOODEIS,FP1 COUPE,JPY,3,Mars,18.92,3235320.0,9.867726E7
Japon,GOODEIS,FP1 COUPE,JPY,4,Avril,14.44,2469240.0,7.531182E7
Japon,GOODEIS,FP1 COUPE,JPY,5,Mai,20.13,3442230.0,1.04988015E8
Japon,GOODEIS,FP1 COUPE,JPY,6,Juin,21.29,3640590.0,1.11037995E8
Japon,GOODEIS,FP1 COUPE,JPY,7,Juillet,17.77,3038670.0,9.2679435E7
Japon,GOODEIS,FP1 COUPE,JPY,8,Août,19.57,3346470.0,1.02067335E8
Japon,GOODEIS,FP1 COUPE,JPY,9,Septembre,16.22,2773620.0,8.459541E7
Japon,GOODEIS,FP1 COUPE,JPY,10,Octobre,17.27,2953170.0,9.0071685E7
Japon,GOODEIS,FP1 COUPE,JPY,11,Novembre,15.9,2718900.0,8.292645E7
Japon,GOODEIS,FP1 COUPE,JPY,12,Décembre,14.77,2525670.0,7.7032935E7
Japon,GOODEIS,FP2 COUPE,JPY,1,Janvier,17.69,2918850.0,8.9024925E7
Japon,GOODEIS,FP2 COUPE,JPY,2,Février,18.26,3012900.0,9.189345E7
Japon,GOODEIS,FP2 COUPE,JPY,3,Mars,16.81,2773650.0,8.4596325E7
Japon,GOODEIS,FP2 COUPE,JPY,4,Avril,12.01,1981650.0,6.0440325E7
Japon,GOODEIS,FP2 COUPE,JPY,5,Mai,13.83,2281950.0,6.9599475E7
Japon,GOODEIS,FP2 COUPE,JPY,6,Juin,12.45,2054250.0,6.2654625E7
Japon,GOODEIS,FP2 COUPE,JPY,7,Juillet,14.83,2446950.0,7.4631975E7
Japon,GOODEIS,FP2 COUPE,JPY,8,Août,16.64,2745600.0,8.37408E7
Japon,GOODEIS,FP2 COUPE,JPY,9,Septembre,19.18,3164700.0,9.652335E7
Japon,GOODEIS,FP2 COUPE,JPY,10,Octobre,11.88,1960200.0,5.97861E7
Japon,GOODEIS,FP2 COUPE,JPY,11,Novembre,14.27,2354550.0,7.1813775E7
Japon,GOODEIS,FP2 COUPE,JPY,12,Décembre,18.46,3045900.0,9.289995E7
Japon,GOODEIS,TRA,JPY,1,Janvier,17.08,3040240.0,9.272732E7
Japon,GOODEIS,TRA,JPY,2,Février,19.28,3431840.0,1.0467112E8
Japon,GOODEIS,TRA,JPY,3,Mars,23.69,4216820.0,1.2861301E8
Japon,GOODEIS,TRA,JPY,4,Avril,16.17,2878260.0,8.778693E7
Japon,GOODEIS,TRA,JPY,5,Mai,18.62,3314360.0,1.0108798E8
Japon,GOODEIS,TRA,JPY,6,Juin,24.79,4412620.0,1.3458491E8
Japon,GOODEIS,TRA,JPY,7,Juillet,21.53,3832340.0,1.1688637E8
Japon,GOODEIS,TRA,JPY,8,Août,22.55,4013900.0,1.2242395E8
Japon,GOODEIS,TRA,JPY,9,Septembre,20.48,3645440.0,1.1118592E8
Japon,GOODEIS,TRA,JPY,10,Octobre,21.28,3787840.0,1.1552912E8
Japon,GOODEIS,TRA,JPY,11,Novembre,18.05,3212900.0,9.799345E7
Japon,GOODEIS,TRA,JPY,12,Décembre,21.47,3821660.0,1.1656063E8
Russie,ELINAR,ABR COUPE,USD,1,Janvier,27.77,40266.5,1.79185925E8
Russie,ELINAR,ABR COUPE,USD,2,Février,21.84,31668.0,1.409226E8
Russie,ELINAR,ABR COUPE,USD,3,Mars,27.29,39570.5,1.76088725E8
Russie,ELINAR,ABR COUPE,USD,4,Avril,19.78,28681.0,1.2763045E8
Russie,ELINAR,ABR COUPE,USD,5,Mai,23.42,33959.0,1.5111755E8
Russie,ELINAR,ABR COUPE,USD,6,Juin,18.77,27216.5,1.21113425E8
Russie,ELINAR,ABR COUPE,USD,7,Juillet,17.97,26056.5,1.15951425E8
Russie,ELINAR,ABR COUPE,USD,8,Août,18.58,26941.0,1.1988745E8
Russie,ELINAR,ABR COUPE,USD,9,Septembre,25.58,37091.0,1.6505495E8
Russie,ELINAR,ABR COUPE,USD,10,Octobre,27.23,39483.5,1.75701575E8
Russie,ELINAR,ABR COUPE,USD,11,Novembre,16.17,23446.5,1.04336925E8
Russie,ELINAR,ABR COUPE,USD,12,Décembre,21.51,31189.5,1.38793275E8
Russie,ELINAR,BSA,USD,1,Janvier,12.62,14891.6,6.626762E7
Russie,ELINAR,BSA,USD,2,Février,11.98,14136.4,6.290698E7
Russie,ELINAR,BSA,USD,3,Mars,10.11,11929.8,5.308761E7
Russie,ELINAR,BSA,USD,4,Avril,14.04,16567.2,7.372404E7
Russie,ELINAR,BSA,USD,5,Mai,13.66,16118.8,7.172866E7
Russie,ELINAR,BSA,USD,6,Juin,9.69,11434.2,5.088219E7
Russie,ELINAR,BSA,USD,7,Juillet,10.37,12236.6,5.445287E7
Russie,ELINAR,BSA,USD,8,Août,9.66,11398.8,5.072466E7
Russie,ELINAR,BSA,USD,9,Septembre,15.09,17806.2,7.923759E7
Russie,ELINAR,BSA,USD,10,Octobre,12.24,14443.2,6.427224E7
Russie,ELINAR,BSA,USD,11,Novembre,10.73,12661.4,5.634323E7
Russie,ELINAR,BSA,USD,12,Décembre,14.41,17003.8,7.566691E7
Russie,ELINAR,FP1 COUPE,USD,1,Janvier,17.13,22611.6,1.0062162E8
Russie,ELINAR,FP1 COUPE,USD,2,Février,12.66,16711.2,7.436484E7
Russie,ELINAR,FP1 COUPE,USD,3,Mars,19.32,25502.4,1.1348568E8
Russie,ELINAR,FP1 COUPE,USD,4,Avril,13.79,18202.8,8.100246E7
Russie,ELINAR,FP1 COUPE,USD,5,Mai,20.93,27627.6,1.2294282E8
Russie,ELINAR,FP1 COUPE,USD,6,Juin,17.73,23403.6,1.0414602E8
Russie,ELINAR,FP1 COUPE,USD,7,Juillet,14.43,19047.6,8.476182E7
Russie,ELINAR,FP1 COUPE,USD,8,Août,17.65,23298.0,1.036761E8
Russie,ELINAR,FP1 COUPE,USD,9,Septembre,18.74,24736.8,1.1007876E8
Russie,ELINAR,FP1 COUPE,USD,10,Octobre,16.4,21648.0,9.63336E7
Russie,ELINAR,FP1 COUPE,USD,11,Novembre,18.21,24037.2,1.0696554E8
Russie,ELINAR,FP1 COUPE,USD,12,Décembre,19.73,26043.6,1.1589402E8
Russie,ELINAR,FP2 COUPE,USD,1,Janvier,14.67,18630.9,8.2907505E7
Russie,ELINAR,FP2 COUPE,USD,2,Février,15.16,19253.2,8.567674E7
Russie,ELINAR,FP2 COUPE,USD,3,Mars,16.67,21170.9,9.4210505E7
Russie,ELINAR,FP2 COUPE,USD,4,Avril,14.66,18618.2,8.285099E7
Russie,ELINAR,FP2 COUPE,USD,5,Mai,15.19,19291.3,8.5846285E7
Russie,ELINAR,FP2 COUPE,USD,6,Juin,13.32,16916.4,7.527798E7
Russie,ELINAR,FP2 COUPE,USD,7,Juillet,18.69,23736.3,1.05626535E8
Russie,ELINAR,FP2 COUPE,USD,8,Août,18.89,23990.3,1.06756835E8
Russie,ELINAR,FP2 COUPE,USD,9,Septembre,12.49,15862.3,7.0587235E7
Russie,ELINAR,FP2 COUPE,USD,10,Octobre,14.8,18796.0,8.36422E7
Russie,ELINAR,FP2 COUPE,USD,11,Novembre,12.51,15887.7,7.0700265E7
Russie,ELINAR,FP2 COUPE,USD,12,Décembre,13.17,16725.9,7.4430255E7
Russie,ELINAR,TRA,USD,1,Janvier,19.18,26660.2,1.1863789E8
Russie,ELINAR,TRA,USD,2,Février,25.19,35014.1,1.55812745E8
Russie,ELINAR,TRA,USD,3,Mars,16.03,22281.7,9.9153565E7
Russie,ELINAR,TRA,USD,4,Avril,21.7,30163.0,1.3422535E8
Russie,ELINAR,TRA,USD,5,Mai,19.09,26535.1,1.18081195E8
Russie,ELINAR,TRA,USD,6,Juin,17.42,24213.8,1.0775141E8
Russie,ELINAR,TRA,USD,7,Juillet,22.46,31219.4,1.3892633E8
Russie,ELINAR,TRA,USD,8,Août,23.18,32220.2,1.4337989E8
Russie,ELINAR,TRA,USD,9,Septembre,16.12,22406.8,9.971026E7
Russie,ELINAR,TRA,USD,10,Octobre,15.33,21308.7,9.4823715E7
Russie,ELINAR,TRA,USD,11,Novembre,25.26,35111.4,1.5624573E8
Russie,ELINAR,TRA,USD,12,Décembre,20.56,28578.4,1.2717388E8
