Matricule,Nom simulé,Site,Département,Poste,Salaire base mensuel (MGA),Prime mensuelle (MGA),Charges patronales (MGA),Coût mensuel total (MGA),Statut
EMP-001,RABE Hery,FORT DAUPHIN,Direction,Directeur Général,12440000,1244000,2239000,15923000,Actif
EMP-002,RAKOTO Miora,AMPANDRANDAVA,Direction,DAF,9320000,932000,1678000,11930000,Actif
EMP-003,ANDRIA Fanja,FORT DAUPHIN,Finance,Chef comptable,5310000,637000,956000,6903000,Actif
EMP-004,RAZAFY Toky,FORT DAUPHIN,Finance,Comptable,3410000,273000,614000,4297000,Actif
EMP-005,RANDRIA Nirina,AMPANDRANDAVA,Finance,Assistant comptable,2270000,114000,409000,2793000,Actif
EMP-006,RATSIM Lova,AMPANDRANDAVA,RH,Responsable RH,4750000,380000,855000,5985000,Actif
EMP-007,RAJAO Aina,AMPANDRANDAVA,Commercial,Responsable commercial export,5390000,431000,970000,6791000,Actif
EMP-008,RAMAN Tiana,AMPANDRANDAVA,Commercial,Agent export,3070000,154000,553000,3777000,Actif
EMP-009,RAKOTON Zo,FORT DAUPHIN,Production,Responsable production,5310000,637000,956000,6903000,Actif
EMP-010,RAZAN Mamy,FORT DAUPHIN,Production,Chef d'atelier,3320000,332000,598000,4250000,Actif
EMP-011,RABE Hery,FORT DAUPHIN,Production,Contrôleur qualité,2540000,203000,457000,3200000,Actif
EMP-012,RAKOTO Miora,TRANOMARO,Production,Opérateur traitement,1680000,134000,302000,2116000,Actif
EMP-013,ANDRIA Fanja,FORT DAUPHIN,Production,Coupeuse / trieuse,1280000,102000,230000,1612000,Actif
EMP-014,RAZAFY Toky,AMBOASARY,Logistique,Responsable logistique,3820000,191000,688000,4699000,Actif
EMP-015,RANDRIA Nirina,AMPANDRANDAVA,Logistique,Magasinier,1590000,159000,286000,2035000,Actif
EMP-016,RATSIM Lova,AMPANDRANDAVA,Maintenance,Technicien maintenance,2330000,280000,419000,3029000,Actif
EMP-017,RAJAO Aina,FORT DAUPHIN,Sécurité,Agent de sécurité,1170000,94000,211000,1475000,Actif
EMP-018,RAMAN Tiana,FORT DAUPHIN,Administration,Assistant administratif,1890000,151000,340000,2381000,Actif
EMP-019,RAKOTON Zo,FORT DAUPHIN,Direction,Directeur Général,12490000,999000,2248000,15737000,Actif
EMP-020,RAZAN Mamy,AMBOASARY,Direction,DAF,9180000,918000,1652000,11750000,Actif
EMP-021,RABE Hery,TRANOMARO,Finance,Chef comptable,5620000,674000,1012000,7306000,Actif
EMP-022,RAKOTO Miora,FORT DAUPHIN,Finance,Comptable,3500000,280000,630000,4410000,Actif
EMP-023,ANDRIA Fanja,FORT DAUPHIN,Finance,Assistant comptable,2100000,105000,378000,2583000,Actif
EMP-024,RAZAFY Toky,TRANOMARO,RH,Responsable RH,4640000,232000,835000,5707000,Actif
EMP-025,RANDRIA Nirina,FORT DAUPHIN,Commercial,Responsable commercial export,5150000,412000,927000,6489000,Actif
EMP-026,RATSIM Lova,FORT DAUPHIN,Commercial,Agent export,2710000,271000,488000,3469000,Actif
EMP-027,RAJAO Aina,AMPANDRANDAVA,Production,Responsable production,5170000,517000,931000,6618000,Actif
EMP-028,RAMAN Tiana,FORT DAUPHIN,Production,Chef d'atelier,3390000,407000,610000,4407000,Actif
EMP-029,RAKOTON Zo,FORT DAUPHIN,Production,Contrôleur qualité,2420000,242000,436000,3098000,Actif
EMP-030,RAZAN Mamy,AMPANDRANDAVA,Production,Opérateur traitement,1720000,172000,310000,2202000,Actif
EMP-031,RABE Hery,AMPANDRANDAVA,Production,Coupeuse / trieuse,1300000,104000,234000,1638000,Actif
EMP-032,RAKOTO Miora,FORT DAUPHIN,Logistique,Responsable logistique,3790000,303000,682000,4775000,Actif
EMP-033,ANDRIA Fanja,AMPANDRANDAVA,Logistique,Magasinier,1720000,86000,310000,2116000,Actif
EMP-034,RAZAFY Toky,AMBOASARY,Maintenance,Technicien maintenance,2460000,295000,443000,3198000,Actif
EMP-035,RANDRIA Nirina,FORT DAUPHIN,Sécurité,Agent de sécurité,1240000,62000,223000,1525000,Actif
EMP-036,RATSIM Lova,AMBOASARY,Administration,Assistant administratif,1760000,141000,317000,2218000,Actif
EMP-037,RAJAO Aina,AMBOASARY,Direction,Directeur Général,11920000,596000,2146000,14662000,Actif
EMP-038,RAMAN Tiana,AMPANDRANDAVA,Direction,DAF,8530000,1024000,1535000,11089000,Actif
EMP-039,RAKOTON Zo,FORT DAUPHIN,Finance,Chef comptable,5390000,431000,970000,6791000,Actif
EMP-040,RAZAN Mamy,AMPANDRANDAVA,Finance,Comptable,3460000,173000,623000,4256000,Actif
EMP-041,RABE Hery,FORT DAUPHIN,Finance,Assistant comptable,2220000,222000,400000,2842000,Actif
EMP-042,RAKOTO Miora,FORT DAUPHIN,RH,Responsable RH,4250000,340000,765000,5355000,Actif
EMP-043,ANDRIA Fanja,AMPANDRANDAVA,Commercial,Responsable commercial export,5310000,425000,956000,6691000,Actif
EMP-044,RAZAFY Toky,FORT DAUPHIN,Commercial,Agent export,2970000,356000,535000,3861000,Actif
EMP-045,RANDRIA Nirina,AMPANDRANDAVA,Production,Responsable production,5040000,605000,907000,6552000,Actif
EMP-046,RATSIM Lova,FORT DAUPHIN,Production,Chef d'atelier,3370000,270000,607000,4247000,Actif
EMP-047,RAJAO Aina,AMPANDRANDAVA,Production,Contrôleur qualité,2750000,330000,495000,3575000,Actif
EMP-048,RAMAN Tiana,FORT DAUPHIN,Production,Opérateur traitement,1600000,128000,288000,2016000,Actif
EMP-049,RAKOTON Zo,FORT DAUPHIN,Production,Coupeuse / trieuse,1280000,102000,230000,1612000,Actif
EMP-050,RAZAN Mamy,FORT DAUPHIN,Logistique,Responsable logistique,4120000,206000,742000,5068000,Actif
EMP-051,RABE Hery,AMPANDRANDAVA,Logistique,Magasinier,1520000,122000,274000,1916000,Actif
EMP-052,RAKOTO Miora,FORT DAUPHIN,Maintenance,Technicien maintenance,2270000,114000,409000,2793000,Actif
EMP-053,ANDRIA Fanja,AMPANDRANDAVA,Sécurité,Agent de sécurité,1190000,143000,214000,1547000,Actif
EMP-054,RAZAFY Toky,FORT DAUPHIN,Administration,Assistant administratif,1760000,176000,317000,2253000,Actif
EMP-055,RANDRIA Nirina,AMPANDRANDAVA,Direction,Directeur Général,12180000,1218000,2192000,15590000,Actif
EMP-056,RATSIM Lova,TRANOMARO,Direction,DAF,8510000,426000,1532000,10468000,Actif
EMP-057,RAJAO Aina,AMBOASARY,Finance,Chef comptable,5490000,274000,988000,6752000,Actif
EMP-058,RAMAN Tiana,TRANOMARO,Finance,Comptable,3200000,160000,576000,3936000,Actif
EMP-059,RAKOTON Zo,AMPANDRANDAVA,Finance,Assistant comptable,2130000,213000,383000,2726000,Actif
EMP-060,RAZAN Mamy,AMBOASARY,RH,Responsable RH,4300000,516000,774000,5590000,Actif
