annee,mois,ventes,ca_export,production_reelle,charges_exploitation,frais_export,masse_salariale,resultat_operationnel,marge_operationnelle,date,index_temps,mois_sin,mois_cos,ventes_lag_1,ventes_lag_12,ca_export_lag_1,ca_export_lag_12,production_lag_1,production_lag_12,charges_lag_1,charges_lag_12,frais_export_lag_1,frais_export_lag_12,masse_salariale_lag_1,masse_salariale_lag_12,evolution_ventes,evolution_ca,evolution_production,evolution_charges,charges_par_unite
2022,1,268.84,1543024260.0,601.81,439096000.0,243053000.0,311533000.0,549342260.0,0.3560166059864801,2022-01-01,0,0.49999999999999994,0.8660254037844387,,,,,,,,,,,,,,,,,729625.6293514565
2022,2,267.94,1544169225.0,580.73,455206000.0,262920000.0,311533000.0,514510225.0,0.3331954922233345,2022-02-01,1,0.8660254037844386,0.5000000000000001,268.84,,1543024260.0,,601.81,,439096000.0,,243053000.0,,311533000.0,,-0.334771611367346,0.07420265705997409,-3.502766653927303,3.66890156138977,783851.359495807
2022,3,264.47,1521790195.0,546.41,467475000.0,270811000.0,311533000.0,471971195.0,0.3101420922218519,2022-03-01,2,1.0,6.123233995736766e-17,267.94,,1544169225.0,,580.73,,455206000.0,,262920000.0,,311533000.0,,-1.2950660595655639,-1.4492602000923838,-5.909803178757778,2.6952632434546153,855538.8810600099
2022,4,238.43,1368635310.0,573.35,426202000.0,242956000.0,311533000.0,387944310.0,0.2834533839405327,2022-04-01,3,0.8660254037844387,-0.49999999999999983,264.47,,1521790195.0,,546.41,,467475000.0,,270811000.0,,311533000.0,,-9.846107308957542,-10.064126152422737,4.930363646346159,-8.828921332691586,743353.972268248
2022,5,261.74,1498616165.0,550.54,466868000.0,260255000.0,311533000.0,459960165.0,0.3069232641034537,2022-05-01,4,0.49999999999999994,-0.8660254037844387,238.43,,1368635310.0,,573.35,,426202000.0,,242956000.0,,311533000.0,,9.77645430524683,9.497113953606817,-3.978372721723211,9.541485023533447,848018.3092963273
2022,6,258.27,1475664825.0,555.96,429546000.0,257373000.0,311533000.0,477212825.0,0.3233883581930605,2022-06-01,5,1.2246467991473532e-16,-1.0,261.74,,1498616165.0,,550.54,,466868000.0,,260255000.0,,311533000.0,,-1.3257431038435241,-1.5315022309264847,0.9844879572783238,-7.994122535706028,772620.3323980141
2022,7,256.71,1470114230.0,576.91,442044000.0,250912000.0,311533000.0,465625230.0,0.3167272450658477,2022-07-01,6,-0.4999999999999998,-0.8660254037844388,258.27,,1475664825.0,,555.96,,429546000.0,,257373000.0,,311533000.0,,-0.6040190498315723,-0.3761419873920202,3.768256709115758,2.9095836068779635,766226.9678112704
2022,8,270.75,1547565170.0,558.3,445889000.0,263962000.0,311533000.0,526181170.0,0.3400058234704261,2022-08-01,7,-0.8660254037844384,-0.5000000000000004,256.71,,1470114230.0,,576.91,,442044000.0,,250912000.0,,311533000.0,,5.4692064976043175,5.268362037418006,-3.2258064516129004,0.8698229135561064,798654.8450653771
2022,9,245.59,1402795470.0,570.99,416863000.0,258815000.0,311533000.0,415584470.0,0.2962544995957251,2022-09-01,8,-1.0,-1.8369701987210297e-16,270.75,,1547565170.0,,558.3,,445889000.0,,263962000.0,,311533000.0,,-9.292705447830096,-9.354675512631239,2.2729715206878165,-6.509691873986578,730070.5791695126
2022,10,262.3,1507107880.0,551.06,431586000.0,269332000.0,311533000.0,494656880.0,0.3282159734975309,2022-10-01,9,-0.8660254037844386,0.5000000000000001,245.59,,1402795470.0,,570.99,,416863000.0,,258815000.0,,311533000.0,,6.80402296510445,7.4360384126418655,-3.490428904183973,3.531855789551974,783192.3928428848
2022,11,231.85,1328053180.0,569.51,457668000.0,254047000.0,311533000.0,304805180.0,0.2295127820107324,2022-11-01,10,-0.5000000000000004,0.8660254037844384,262.3,,1507107880.0,,551.06,,431586000.0,,269332000.0,,311533000.0,,-11.60884483415937,-11.880682356992256,3.348092766667876,6.043291487675684,803617.1445628698
2022,12,268.03,1530210930.0,576.63,448962000.0,269121000.0,311533000.0,500594930.0,0.327141128184204,2022-12-01,11,-2.4492935982947064e-16,1.0,231.85,,1328053180.0,,569.51,,457668000.0,,254047000.0,,311533000.0,,15.604916972180272,15.222112566305523,1.250197538234632,-1.902252287684525,778596.3269340825
2023,1,258.84,1635371700.0,606.19,503908000.0,292945000.0,360167000.0,478351700.0,0.2925033495443268,2023-01-01,12,0.49999999999999994,0.8660254037844387,268.03,268.84,1530210930.0,1543024260.0,576.63,601.81,448962000.0,439096000.0,269121000.0,243053000.0,311533000.0,311533000.0,-3.428720665597129,6.872305506274223,5.126337512789836,12.238452252083686,831270.7237004898
2023,2,281.24,1784169665.0,597.53,498359000.0,292191000.0,360167000.0,633452665.0,0.3550405981148659,2023-02-01,13,0.8660254037844386,0.5000000000000001,258.84,267.94,1635371700.0,1544169225.0,606.19,580.73,503908000.0,455206000.0,292945000.0,262920000.0,360167000.0,311533000.0,8.653994745788918,9.098724467348918,-1.4285949949685905,-1.1011930749263765,834031.7640955267
2023,3,275.61,1749441428.0,607.35,484699000.0,293878000.0,360167000.0,610697428.0,0.3490813800483522,2023-03-01,14,1.0,6.123233995736766e-17,281.24,264.47,1784169665.0,1521790195.0,597.53,546.41,498359000.0,467475000.0,292191000.0,270811000.0,360167000.0,311533000.0,-2.0018489546294926,-1.9464649400369627,1.6434321289307663,-2.7409959487036506,798055.4869515107
2023,4,284.58,1801994391.0,616.32,510187000.0,293294000.0,360167000.0,638346391.0,0.3542443828838754,2023-04-01,15,0.8660254037844387,-0.49999999999999983,275.61,238.43,1749441428.0,1368635310.0,607.35,573.35,484699000.0,426202000.0,293878000.0,242956000.0,360167000.0,311533000.0,3.254598889735494,3.003985281180843,1.4769078784885092,5.25852126783839,827795.6256490134
2023,5,275.49,1741534370.0,606.14,488833000.0,287330000.0,360167000.0,605204370.0,0.3475121596365623,2023-05-01,16,0.49999999999999994,-0.8660254037844387,284.58,261.74,1801994391.0,1498616165.0,616.32,550.54,510187000.0,466868000.0,293294000.0,260255000.0,360167000.0,311533000.0,-3.1941808981657105,-3.3551725411558153,-1.6517393561786164,-4.1855241313479175,806468.8025868612
2023,6,245.67,1545649412.0,623.35,488330000.0,285832000.0,360167000.0,411320412.0,0.2661149474173254,2023-06-01,17,1.2246467991473532e-16,-1.0,275.49,258.27,1741534370.0,1475664825.0,606.14,555.96,488833000.0,429546000.0,287330000.0,257373000.0,360167000.0,311533000.0,-10.82434934117391,-11.247837618042533,2.8392780545748675,-0.10289812676312904,783396.1658779177
2023,7,284.25,1795216396.0,617.8,501020000.0,285091000.0,360167000.0,648938396.0,0.3614819903861885,2023-07-01,18,-0.4999999999999998,-0.8660254037844388,245.67,256.71,1545649412.0,1470114230.0,623.35,576.91,488330000.0,442044000.0,285832000.0,250912000.0,360167000.0,311533000.0,15.703993161558195,16.146416002389042,-0.8903505253870292,2.5986525505293567,810974.4253803821
2023,8,290.95,1851675572.0,615.56,527420000.0,301256000.0,360167000.0,662832572.0,0.3579636638420804,2023-08-01,19,-0.8660254037844384,-0.5000000000000004,284.25,270.75,1795216396.0,1547565170.0,617.8,558.3,501020000.0,445889000.0,285091000.0,263962000.0,360167000.0,311533000.0,2.3570800351802923,3.144978851897706,-0.3625768857235312,5.26925072851383,856813.308207161
2023,9,260.66,1651242624.0,658.78,523628000.0,286444000.0,360167000.0,481003624.0,0.2912979697888418,2023-09-01,20,-1.0,-1.8369701987210297e-16,290.95,245.59,1851675572.0,1402795470.0,615.56,570.99,527420000.0,416863000.0,301256000.0,258815000.0,360167000.0,311533000.0,-10.410723492008922,-10.824409579671224,7.02124894405094,-0.7189715975882582,794845.0165457361
2023,10,265.77,1687009333.0,614.03,532893000.0,278699000.0,360167000.0,515250333.0,0.305422336984783,2023-10-01,21,-0.8660254037844386,0.5000000000000001,260.66,262.3,1651242624.0,1507107880.0,658.78,551.06,523628000.0,431586000.0,286444000.0,269332000.0,360167000.0,311533000.0,1.9604081945829632,2.1660480707164753,-6.79285952821883,1.769385899913689,867861.5051381855
2023,11,275.74,1741591020.0,629.39,511881000.0,284011000.0,360167000.0,585532020.0,0.3362052360605304,2023-11-01,22,-0.5000000000000004,0.8660254037844384,265.77,231.85,1687009333.0,1328053180.0,614.03,569.51,532893000.0,457668000.0,278699000.0,254047000.0,360167000.0,311533000.0,3.7513639613199423,3.2354110870825847,2.5015064410533805,-3.943005443869596,813297.0018589428
2023,12,256.79,1623062213.0,608.28,520398000.0,284804000.0,360167000.0,457693213.0,0.2819936348305584,2023-12-01,23,-2.4492935982947064e-16,1.0,275.74,268.03,1741591020.0,1530210930.0,629.39,576.63,511881000.0,448962000.0,284011000.0,269121000.0,360167000.0,311533000.0,-6.872416044099506,-6.805777340308062,-3.3540412145092846,1.6638632807234544,855523.7719471296
2024,1,268.84,1543024260.0,601.81,439096000.0,243053000.0,311533000.0,549342260.0,0.3560166059864801,2024-01-01,24,0.49999999999999994,0.8660254037844387,256.79,258.84,1623062213.0,1635371700.0,608.28,606.19,520398000.0,503908000.0,284804000.0,292945000.0,360167000.0,360167000.0,4.69255033295688,-4.931292981805124,-1.063654895771693,-15.6230423637293,729625.6293514565
2024,2,267.94,1544169225.0,580.73,455206000.0,262920000.0,311533000.0,514510225.0,0.3331954922233345,2024-02-01,25,0.8660254037844386,0.5000000000000001,268.84,281.24,1543024260.0,1784169665.0,601.81,597.53,439096000.0,498359000.0,243053000.0,292191000.0,311533000.0,360167000.0,-0.334771611367346,0.07420265705997409,-3.502766653927303,3.66890156138977,783851.359495807
2024,3,264.47,1521790195.0,546.41,467475000.0,270811000.0,311533000.0,471971195.0,0.3101420922218519,2024-03-01,26,1.0,6.123233995736766e-17,267.94,275.61,1544169225.0,1749441428.0,580.73,607.35,455206000.0,484699000.0,262920000.0,293878000.0,311533000.0,360167000.0,-1.2950660595655639,-1.4492602000923838,-5.909803178757778,2.6952632434546153,855538.8810600099
2024,4,238.43,1368635310.0,573.35,426202000.0,242956000.0,311533000.0,387944310.0,0.2834533839405327,2024-04-01,27,0.8660254037844387,-0.49999999999999983,264.47,284.58,1521790195.0,1801994391.0,546.41,616.32,467475000.0,510187000.0,270811000.0,293294000.0,311533000.0,360167000.0,-9.846107308957542,-10.064126152422737,4.930363646346159,-8.828921332691586,743353.972268248
2024,5,261.74,1498616165.0,550.54,466868000.0,260255000.0,311533000.0,459960165.0,0.3069232641034537,2024-05-01,28,0.49999999999999994,-0.8660254037844387,238.43,275.49,1368635310.0,1741534370.0,573.35,606.14,426202000.0,488833000.0,242956000.0,287330000.0,311533000.0,360167000.0,9.77645430524683,9.497113953606817,-3.978372721723211,9.541485023533447,848018.3092963273
2024,6,258.27,1475664825.0,555.96,429546000.0,257373000.0,311533000.0,477212825.0,0.3233883581930605,2024-06-01,29,1.2246467991473532e-16,-1.0,261.74,245.67,1498616165.0,1545649412.0,550.54,623.35,466868000.0,488330000.0,260255000.0,285832000.0,311533000.0,360167000.0,-1.3257431038435241,-1.5315022309264847,0.9844879572783238,-7.994122535706028,772620.3323980141
2024,7,256.71,1470114230.0,576.91,442044000.0,250912000.0,311533000.0,465625230.0,0.3167272450658477,2024-07-01,30,-0.4999999999999998,-0.8660254037844388,258.27,284.25,1475664825.0,1795216396.0,555.96,617.8,429546000.0,501020000.0,257373000.0,285091000.0,311533000.0,360167000.0,-0.6040190498315723,-0.3761419873920202,3.768256709115758,2.9095836068779635,766226.9678112704
2024,8,270.75,1547565170.0,558.3,445889000.0,263962000.0,311533000.0,526181170.0,0.3400058234704261,2024-08-01,31,-0.8660254037844384,-0.5000000000000004,256.71,290.95,1470114230.0,1851675572.0,576.91,615.56,442044000.0,527420000.0,250912000.0,301256000.0,311533000.0,360167000.0,5.4692064976043175,5.268362037418006,-3.2258064516129004,0.8698229135561064,798654.8450653771
2024,9,245.59,1402795470.0,570.99,416863000.0,258815000.0,311533000.0,415584470.0,0.2962544995957251,2024-09-01,32,-1.0,-1.8369701987210297e-16,270.75,260.66,1547565170.0,1651242624.0,558.3,658.78,445889000.0,523628000.0,263962000.0,286444000.0,311533000.0,360167000.0,-9.292705447830096,-9.354675512631239,2.2729715206878165,-6.509691873986578,730070.5791695126
2024,10,262.3,1507107880.0,551.06,431586000.0,269332000.0,311533000.0,494656880.0,0.3282159734975309,2024-10-01,33,-0.8660254037844386,0.5000000000000001,245.59,265.77,1402795470.0,1687009333.0,570.99,614.03,416863000.0,532893000.0,258815000.0,278699000.0,311533000.0,360167000.0,6.80402296510445,7.4360384126418655,-3.490428904183973,3.531855789551974,783192.3928428848
2024,11,231.85,1328053180.0,569.51,457668000.0,254047000.0,311533000.0,304805180.0,0.2295127820107324,2024-11-01,34,-0.5000000000000004,0.8660254037844384,262.3,275.74,1507107880.0,1741591020.0,551.06,629.39,431586000.0,511881000.0,269332000.0,284011000.0,311533000.0,360167000.0,-11.60884483415937,-11.880682356992256,3.348092766667876,6.043291487675684,803617.1445628698
2024,12,268.03,1530210930.0,576.63,448962000.0,269121000.0,311533000.0,500594930.0,0.327141128184204,2024-12-01,35,-2.4492935982947064e-16,1.0,231.85,256.79,1328053180.0,1623062213.0,569.51,608.28,457668000.0,520398000.0,254047000.0,284804000.0,311533000.0,360167000.0,15.604916972180272,15.222112566305523,1.250197538234632,-1.902252287684525,778596.3269340825
2025,1,253.41,1533754588.0,587.4,469430000.0,276749000.0,334646000.0,452929588.0,0.2953077314608822,2025-01-01,36,0.49999999999999994,0.8660254037844387,268.03,268.84,1530210930.0,1543024260.0,576.63,601.81,448962000.0,439096000.0,269121000.0,243053000.0,311533000.0,311533000.0,-5.45461328955713,0.23157970777269998,1.8677488163987288,4.558960446541138,799165.8154579503
2025,2,259.12,1549077409.0,595.07,447253000.0,258859000.0,334646000.0,508319409.0,0.3281433232753316,2025-02-01,37,0.8660254037844386,0.5000000000000001,253.41,267.94,1533754588.0,1544169225.0,587.4,580.73,469430000.0,455206000.0,276749000.0,262920000.0,334646000.0,311533000.0,2.253265459137377,0.9990399454961496,1.3057541709227127,-4.724240035788085,751597.2910749995
2025,3,248.07,1482527871.0,587.01,485227000.0,275225000.0,334646000.0,387429871.0,0.261330581757407,2025-03-01,38,1.0,6.123233995736766e-17,259.12,264.47,1549077409.0,1521790195.0,595.07,546.41,447253000.0,467475000.0,258859000.0,270811000.0,334646000.0,311533000.0,-4.264433467119488,-4.296075690817847,-1.354462500210074,8.490496430431982,826607.7238888605
2025,4,263.53,1587906336.0,570.48,464401000.0,272342000.0,334646000.0,516517336.0,0.3252819919474142,2025-04-01,39,0.8660254037844387,-0.49999999999999983,248.07,238.43,1482527871.0,1368635310.0,587.01,573.35,485227000.0,426202000.0,275225000.0,242956000.0,334646000.0,311533000.0,6.232111903898074,7.108025896937753,-2.8159656564624047,-4.292011780053462,814053.078109662
2025,5,268.47,1622932326.0,590.76,459081000.0,272984000.0,334646000.0,556221326.0,0.3427261365672003,2025-05-01,40,0.49999999999999994,-0.8660254037844387,263.53,261.74,1587906336.0,1498616165.0,570.48,550.54,464401000.0,466868000.0,272342000.0,260255000.0,334646000.0,311533000.0,1.8745493871665575,2.2057969797029564,3.5549011358855687,-1.1455617020635134,777102.3765996344
2025,6,258.47,1555849965.0,562.7,480171000.0,283990000.0,334646000.0,457042965.0,0.2937577371093105,2025-06-01,41,1.2246467991473532e-16,-1.0,268.47,258.27,1622932326.0,1475664825.0,590.76,555.96,459081000.0,429546000.0,272984000.0,257373000.0,334646000.0,311533000.0,-3.7248109658434836,-4.133404697491994,-4.749813799173941,4.593960542910724,853333.9257153012
2025,7,265.83,1598232252.0,620.75,452024000.0,264500000.0,334646000.0,547062252.0,0.3422920863444069,2025-07-01,42,-0.4999999999999998,-0.8660254037844388,258.47,256.71,1555849965.0,1470114230.0,562.7,576.91,480171000.0,442044000.0,283990000.0,250912000.0,334646000.0,311533000.0,2.84752582504737,2.7240600285002525,10.316331970854797,-5.861870042130823,728190.0926298832
2025,8,271.95,1638366044.0,588.99,487346000.0,284414000.0,334646000.0,531960044.0,0.3246893732619375,2025-08-01,43,-0.8660254037844384,-0.5000000000000004,265.83,270.75,1598232252.0,1547565170.0,620.75,558.3,452024000.0,445889000.0,264500000.0,263962000.0,334646000.0,311533000.0,2.302223225369593,2.511136410229309,-5.116391461941195,7.814186857335015,827426.6116572437
2025,9,264.84,1594302506.0,569.06,471564000.0,265569000.0,334646000.0,522523506.0,0.3277442668712709,2025-09-01,44,-1.0,-1.8369701987210297e-16,271.95,245.59,1638366044.0,1402795470.0,588.99,570.99,487346000.0,416863000.0,284414000.0,258815000.0,334646000.0,311533000.0,-2.6144511858797626,-2.6894806665072712,-3.3837586376678774,-3.238356321791913,828671.8447966824
2025,10,265.43,1606333878.0,600.4,464502000.0,273491000.0,334646000.0,533694878.0,0.3322440529390366,2025-10-01,45,-0.8660254037844386,0.5000000000000001,264.84,262.3,1594302506.0,1507107880.0,569.06,551.06,471564000.0,431586000.0,265569000.0,269332000.0,334646000.0,311533000.0,0.2227760157076153,0.7546480015380386,5.507327874037893,-1.4975697890424189,773654.2305129913
2025,11,269.75,1627748925.0,572.41,464516000.0,269408000.0,334646000.0,559178925.0,0.3435289782175712,2025-11-01,46,-0.5000000000000004,0.8660254037844384,265.43,231.85,1606333878.0,1328053180.0,600.4,569.51,464502000.0,457668000.0,273491000.0,254047000.0,334646000.0,311533000.0,1.6275477527031512,1.3331628806001028,-4.661892071952034,0.003013980564126051,811509.2328925072
2025,12,272.11,1627325228.0,603.49,477470000.0,280249000.0,334646000.0,534960228.0,0.3287359028148736,2025-12-01,47,-2.4492935982947064e-16,1.0,269.75,268.03,1627748925.0,1530210930.0,572.41,576.63,464516000.0,448962000.0,269408000.0,269121000.0,334646000.0,311533000.0,0.8748841519925943,-0.026029628617330047,5.429674533987883,2.7887091079747517,791181.2954647136
