annee,mois,ventes,ca_export,production_reelle,charges_exploitation,frais_export,masse_salariale,resultat_operationnel,marge_operationnelle
2022,1,268.84,1543024260.0,601.81,439096000.0,243053000.0,311533000.0,549342260.0,0.3560166059864801
2022,2,267.94,1544169225.0,580.73,455206000.0,262920000.0,311533000.0,514510225.0,0.3331954922233345
2022,3,264.47,1521790195.0,546.41,467475000.0,270811000.0,311533000.0,471971195.0,0.3101420922218519
2022,4,238.43,1368635310.0,573.35,426202000.0,242956000.0,311533000.0,387944310.0,0.2834533839405327
2022,5,261.74,1498616165.0,550.54,466868000.0,260255000.0,311533000.0,459960165.0,0.3069232641034537
2022,6,258.27,1475664825.0,555.96,429546000.0,257373000.0,311533000.0,477212825.0,0.32338835819306055
2022,7,256.71,1470114230.0,576.91,442044000.0,250912000.0,311533000.0,465625230.0,0.3167272450658477
2022,8,270.75,1547565170.0,558.3,445889000.0,263962000.0,311533000.0,526181170.0,0.3400058234704261
2022,9,245.59,1402795470.0,570.99,416863000.0,258815000.0,311533000.0,415584470.0,0.2962544995957251
2022,10,262.3,1507107880.0,551.06,431586000.0,269332000.0,311533000.0,494656880.0,0.3282159734975309
2022,11,231.85,1328053180.0,569.51,457668000.0,254047000.0,311533000.0,304805180.0,0.22951278201073244
2022,12,268.03,1530210930.0,576.63,448962000.0,269121000.0,311533000.0,500594930.0,0.327141128184204
2023,1,258.84,1635371700.0,606.19,503908000.0,292945000.0,360167000.0,478351700.0,0.29250334954432683
2023,2,281.24,1784169665.0,597.53,498359000.0,292191000.0,360167000.0,633452665.0,0.35504059811486594
2023,3,275.61,1749441428.0,607.35,484699000.0,293878000.0,360167000.0,610697428.0,0.3490813800483522
2023,4,284.58,1801994391.0,616.32,510187000.0,293294000.0,360167000.0,638346391.0,0.35424438288387544
2023,5,275.49,1741534370.0,606.14,488833000.0,287330000.0,360167000.0,605204370.0,0.34751215963656235
2023,6,245.67,1545649412.0,623.35,488330000.0,285832000.0,360167000.0,411320412.0,0.26611494741732544
2023,7,284.25,1795216396.0,617.8,501020000.0,285091000.0,360167000.0,648938396.0,0.3614819903861885
2023,8,290.95,1851675572.0,615.56,527420000.0,301256000.0,360167000.0,662832572.0,0.35796366384208045
2023,9,260.66,1651242624.0,658.78,523628000.0,286444000.0,360167000.0,481003624.0,0.29129796978884187
2023,10,265.77,1687009333.0,614.03,532893000.0,278699000.0,360167000.0,515250333.0,0.305422336984783
2023,11,275.74,1741591020.0,629.39,511881000.0,284011000.0,360167000.0,585532020.0,0.33620523606053043
2023,12,256.79,1623062213.0,608.28,520398000.0,284804000.0,360167000.0,457693213.0,0.2819936348305584
2024,1,268.84,1543024260.0,601.81,439096000.0,243053000.0,311533000.0,549342260.0,0.3560166059864801
2024,2,267.94,1544169225.0,580.73,455206000.0,262920000.0,311533000.0,514510225.0,0.3331954922233345
2024,3,264.47,1521790195.0,546.41,467475000.0,270811000.0,311533000.0,471971195.0,0.3101420922218519
2024,4,238.43,1368635310.0,573.35,426202000.0,242956000.0,311533000.0,387944310.0,0.2834533839405327
2024,5,261.74,1498616165.0,550.54,466868000.0,260255000.0,311533000.0,459960165.0,0.3069232641034537
2024,6,258.27,1475664825.0,555.96,429546000.0,257373000.0,311533000.0,477212825.0,0.32338835819306055
2024,7,256.71,1470114230.0,576.91,442044000.0,250912000.0,311533000.0,465625230.0,0.3167272450658477
2024,8,270.75,1547565170.0,558.3,445889000.0,263962000.0,311533000.0,526181170.0,0.3400058234704261
2024,9,245.59,1402795470.0,570.99,416863000.0,258815000.0,311533000.0,415584470.0,0.2962544995957251
2024,10,262.3,1507107880.0,551.06,431586000.0,269332000.0,311533000.0,494656880.0,0.3282159734975309
2024,11,231.85,1328053180.0,569.51,457668000.0,254047000.0,311533000.0,304805180.0,0.22951278201073244
2024,12,268.03,1530210930.0,576.63,448962000.0,269121000.0,311533000.0,500594930.0,0.327141128184204
2025,1,253.41,1533754588.0,587.4,469430000.0,276749000.0,334646000.0,452929588.0,0.2953077314608822
2025,2,259.12,1549077409.0,595.07,447253000.0,258859000.0,334646000.0,508319409.0,0.3281433232753316
2025,3,248.07,1482527871.0,587.01,485227000.0,275225000.0,334646000.0,387429871.0,0.261330581757407
2025,4,263.53,1587906336.0,570.48,464401000.0,272342000.0,334646000.0,516517336.0,0.3252819919474142
2025,5,268.47,1622932326.0,590.76,459081000.0,272984000.0,334646000.0,556221326.0,0.3427261365672003
2025,6,258.47,1555849965.0,562.7,480171000.0,283990000.0,334646000.0,457042965.0,0.2937577371093105
2025,7,265.83,1598232252.0,620.75,452024000.0,264500000.0,334646000.0,547062252.0,0.34229208634440694
2025,8,271.95,1638366044.0,588.99,487346000.0,284414000.0,334646000.0,531960044.0,0.32468937326193753
2025,9,264.84,1594302506.0,569.06,471564000.0,265569000.0,334646000.0,522523506.0,0.3277442668712709
2025,10,265.43,1606333878.0,600.4,464502000.0,273491000.0,334646000.0,533694878.0,0.33224405293903664
2025,11,269.75,1627748925.0,572.41,464516000.0,269408000.0,334646000.0,559178925.0,0.3435289782175712
2025,12,272.11,1627325228.0,603.49,477470000.0,280249000.0,334646000.0,534960228.0,0.3287359028148736
