annee,mois,categorie,production_prevue,charge_prevue,charge_attendue,ecart_mga,ecart_pct,score_derive,indice_derive,niveau_risque,type_derive
2026,1,FINANCE,566.9518955564995,11068812.56650002,11306233.82433657,-237421.25783655047,-2.099914626968914,-0.23881041848727708,21.243582417157892,FAIBLE,SOUS-CONSOMMATION
2026,2,FINANCE,555.0958089171681,11604152.743770525,11100604.329041153,503548.41472937167,4.536225234260441,0.5064946953187844,39.739580771701156,FAIBLE,SURCOUT
2026,3,FINANCE,553.0197815357333,11305184.848024372,11064598.142881231,240586.70514314063,2.17438267559613,0.24199438694433342,21.493941587177734,FAIBLE,SURCOUT
2026,4,FINANCE,558.2234471446345,10842466.87729786,11154849.434508502,-312382.55721064284,-2.8004193068196876,-0.3142103192248982,26.96345978805299,FAIBLE,SOUS-CONSOMMATION
2026,5,FINANCE,547.1834865256756,11002861.41284445,10963374.658790616,39486.75405383296,0.3601697039713208,0.03971779252720449,3.8939380625422126,FAIBLE,SURCOUT
2026,6,FINANCE,565.0497068136252,11714066.28838159,11273242.659287533,440823.6290940568,3.9103534130961104,0.44340290461903753,35.81514487615405,FAIBLE,SURCOUT
2026,7,FINANCE,538.9831262930861,11545561.533021385,10821149.320264997,724412.2127563879,6.6944110215701915,0.7286507756805206,51.744036774818106,FAIBLE,SURCOUT
2026,8,FINANCE,561.1853101030974,11280164.28727504,11206219.368265774,73944.91900926642,0.6598560725900712,0.07437757349330405,7.167888178609205,FAIBLE,SURCOUT
2026,9,FINANCE,575.6880289286308,10542972.18550337,11457751.500513583,-914779.3150102142,-7.983933976655106,-0.9201317229626044,60.153344956704366,FAIBLE,SOUS-CONSOMMATION
2026,10,FINANCE,560.0778663273389,11022028.734906564,11187012.094263421,-164983.35935685784,-1.474775909480419,-0.1659486831569744,15.291029695663239,FAIBLE,SOUS-CONSOMMATION
2026,11,FINANCE,572.7254281686205,10753601.314260015,11406368.770480067,-652767.4562200513,-5.722833176404289,-0.6565868229967199,48.13815463896752,FAIBLE,SOUS-CONSOMMATION
2026,12,FINANCE,550.7425074225374,10155153.285734542,11025101.57535512,-869948.2896205783,-7.890614736513728,-0.8750383895683251,58.3153983167305,FAIBLE,SOUS-CONSOMMATION
2026,1,FISCAL,566.9518955564995,27689616.406677365,27453126.601022325,236489.80565503985,0.8614312281874416,0.1043220035402389,9.906485359778294,FAIBLE,SURCOUT
2026,2,FISCAL,555.0958089171681,28444644.43441081,26883174.54227562,1561469.8921351917,5.8083538076192385,0.6888062982846486,49.782484122385185,FAIBLE,SURCOUT
2026,3,FISCAL,553.0197815357333,28838023.054797344,26783374.65753641,2054648.397260934,7.6713574130688915,0.9063605798114598,59.60081521491005,FAIBLE,SURCOUT
2026,4,FISCAL,558.2234471446345,28391195.717286024,27033528.01901606,1357667.6982699633,5.022162469193609,0.5989036780383887,45.058635972162854,FAIBLE,SURCOUT
2026,5,FISCAL,547.1834865256756,25837217.766547717,26502809.201359622,-665591.434811905,-2.5113995643064113,-0.29361025447364986,25.44329837665864,FAIBLE,SOUS-CONSOMMATION
2026,6,FISCAL,565.0497068136252,26089960.936268732,27361683.579129297,-1271722.6428605653,-4.647823074127641,-0.5609910062855793,42.93567275261297,FAIBLE,SOUS-CONSOMMATION
2026,7,FISCAL,538.9831262930861,27682650.636082243,26108597.153218538,1574053.4828637056,6.028870389421379,0.6943572580517845,50.060467282164936,FAIBLE,SURCOUT
2026,8,FISCAL,561.1853101030974,25299833.934605807,27175912.25947036,-1876078.3248645514,-6.9034603399956485,-0.8275885258824657,56.289792323225754,FAIBLE,SOUS-CONSOMMATION
2026,9,FISCAL,575.6880289286308,25507045.560900923,27873094.618497346,-2366049.0575964227,-8.488648605333719,-1.0437277728706726,64.7860464009936,MODERE,SOUS-CONSOMMATION
2026,10,FISCAL,560.0778663273389,27918728.84874691,27122674.63738299,796054.2113639191,2.935013681382009,0.351160888420135,29.612949986748703,FAIBLE,SURCOUT
2026,11,FISCAL,572.7254281686205,27589449.285432737,27730674.91005739,-141225.62462465093,-0.5092758293215254,-0.06229841523721219,6.039754673862429,FAIBLE,SOUS-CONSOMMATION
2026,12,FISCAL,550.7425074225374,25917509.989314415,26673900.33361904,-756390.344304625,-2.8356945735127144,-0.3336640915991551,28.370564888959226,FAIBLE,SOUS-CONSOMMATION
2026,1,LOGISTIQUE,566.9518955564995,63070795.133052915,61408663.61585884,1662131.5171940774,2.706672673405696,0.4093693974144179,33.593111831882794,FAIBLE,SURCOUT
2026,2,LOGISTIQUE,555.0958089171681,61553031.27510895,60312639.26884089,1240392.0062680617,2.056603758855702,0.30549840545760315,26.324392038263266,FAIBLE,SURCOUT
2026,3,LOGISTIQUE,553.0197815357333,58411520.34515946,60120722.94566051,-1709202.6005010456,-2.842950844163818,-0.42096262021880054,34.3585362413881,FAIBLE,SOUS-CONSOMMATION
2026,4,LOGISTIQUE,558.2234471446345,57304286.315154,60601770.729351245,-3297484.4141972438,-5.44123443013551,-0.8121434397093752,55.609443903776025,FAIBLE,SOUS-CONSOMMATION
2026,5,LOGISTIQUE,547.1834865256756,58458940.87975263,59581192.3550032,-1122251.475250572,-1.8835666607070398,-0.27640135898892587,24.149156451938623,FAIBLE,SOUS-CONSOMMATION
2026,6,LOGISTIQUE,565.0497068136252,55231905.49105727,61232817.63579512,-6000912.144737847,-9.800156805506644,-1.477975577272778,77.19010099289865,MODERE,SOUS-CONSOMMATION
2026,7,LOGISTIQUE,538.9831262930861,59274951.80502069,58823118.06433298,451833.740687713,0.7681227305794242,0.11128295459379942,10.53144422786506,FAIBLE,SURCOUT
2026,8,LOGISTIQUE,561.1853101030974,59861171.250722595,60875577.25706645,-1014406.0063438565,-1.6663595682390082,-0.24983990211050336,22.107452258550286,FAIBLE,SOUS-CONSOMMATION
2026,9,LOGISTIQUE,575.6880289286308,57066478.204484984,62216266.93101072,-5149788.726525739,-8.277238382425203,-1.268350841062384,71.87048601401594,MODERE,SOUS-CONSOMMATION
2026,10,LOGISTIQUE,560.0778663273389,59642784.19941412,60773200.69909173,-1130416.4996776134,-1.8600575363385587,-0.2784123377201484,24.301537616066117,FAIBLE,SOUS-CONSOMMATION
2026,11,LOGISTIQUE,572.7254281686205,61316380.72591849,61942392.19795223,-626011.4720337465,-1.010634962293952,-0.15418150515164344,14.288356415653404,FAIBLE,SOUS-CONSOMMATION
2026,12,LOGISTIQUE,550.7425074225374,58367330.5244355,59910202.56496286,-1542872.0405273587,-2.575307667929123,-0.37999676378466113,31.61363776612809,FAIBLE,SOUS-CONSOMMATION
2026,1,PRODUCTION,566.9518955564995,328685576.702923,336516223.015821,-7830646.31289798,-2.3269743855795713,-0.42324454939063333,34.508154638204104,FAIBLE,SOUS-CONSOMMATION
2026,2,PRODUCTION,555.0958089171681,334369946.6480088,329422163.8632123,4947782.784796536,1.50195807312195,0.2674264692283039,23.46533949196653,FAIBLE,SURCOUT
2026,3,PRODUCTION,553.0197815357333,309424388.44149935,328179978.18303365,-18755589.741534293,-5.715031686385775,-1.0137351134907129,63.71388821901205,MODERE,SOUS-CONSOMMATION
2026,4,PRODUCTION,558.2234471446345,320589887.45851076,331293578.20662653,-10703690.748115778,-3.2308778232459208,-0.5785319099447845,43.927904854410556,FAIBLE,SOUS-CONSOMMATION
2026,5,PRODUCTION,547.1834865256756,323952068.93645525,324687845.97339934,-735777.0369440913,-0.22661058800592468,-0.03976857184067208,3.8988181384829734,FAIBLE,SOUS-CONSOMMATION
2026,6,PRODUCTION,565.0497068136252,316585830.63690096,335378053.24092996,-18792222.604029,-5.60329527302998,-1.0157151108957705,63.785663545249236,MODERE,SOUS-CONSOMMATION
2026,7,PRODUCTION,538.9831262930861,328863223.8374586,319781181.3771991,9082042.460259497,2.840080339044948,0.4908822101066857,38.79138326803179,FAIBLE,SURCOUT
2026,8,PRODUCTION,561.1853101030974,315516079.14166284,333065801.34132874,-17549722.199665904,-5.269145654999504,-0.9485582629487306,61.27009955484517,FAIBLE,SOUS-CONSOMMATION
2026,9,PRODUCTION,575.6880289286308,332857922.3347845,341743466.10135853,-8885543.766574025,-2.6000625170515006,-0.4802615029847499,38.1378400742191,FAIBLE,SOUS-CONSOMMATION
2026,10,PRODUCTION,560.0778663273389,329958741.18138635,332403165.187224,-2444424.0058376193,-0.7353792808984875,-0.13212052945952904,12.376462346192607,FAIBLE,SOUS-CONSOMMATION
2026,11,PRODUCTION,572.7254281686205,327048252.13155764,339970801.5049853,-12922549.37342763,-3.8010762442603867,-0.6984606848512436,50.26497062985891,FAIBLE,SOUS-CONSOMMATION
2026,12,PRODUCTION,550.7425074225374,321967309.07520866,326817377.03501886,-4850067.959810197,-1.484030012054869,-0.26214500644508415,23.060055226061237,FAIBLE,SOUS-CONSOMMATION
2026,1,SECURITE,566.9518955564995,15134684.15813215,15425440.053343263,-290755.89521111175,-1.8849115111506605,-0.2609352141740686,22.966917548279675,FAIBLE,SOUS-CONSOMMATION
2026,2,SECURITE,555.0958089171681,14681874.290455513,15180226.789974017,-498352.49951850437,-3.2829054955071415,-0.4472401706648999,36.06096729672894,FAIBLE,SOUS-CONSOMMATION
2026,3,SECURITE,553.0197815357333,15099421.740511222,15137289.39717893,-37867.65666770749,-0.25016141050170265,-0.03398385128419825,3.3412886347930493,FAIBLE,SOUS-CONSOMMATION
2026,4,SECURITE,558.2234471446345,14144525.494260255,15244914.102046382,-1100388.6077861264,-7.218070239165317,-0.9875298894245943,62.75043389523509,FAIBLE,SOUS-CONSOMMATION
2026,5,SECURITE,547.1834865256756,14278670.84731756,15016580.34798438,-737909.5006668195,-4.913964987813397,-0.6622275825491778,48.42987131329674,FAIBLE,SOUS-CONSOMMATION
2026,6,SECURITE,565.0497068136252,13888589.21392604,15386098.074545885,-1497508.8606198449,-9.732869590226132,-1.3439204559883036,73.91788761854713,MODERE,SOUS-CONSOMMATION
2026,7,SECURITE,538.9831262930861,13983895.313770248,14846976.569384627,-863081.2556143794,-5.813178538949847,-0.7745613966652101,53.90941084664005,FAIBLE,SOUS-CONSOMMATION
2026,8,SECURITE,561.1853101030974,14589530.476529635,15306172.770592865,-716642.2940632291,-4.682047594811455,-0.6431415959831521,47.43615163517072,FAIBLE,SOUS-CONSOMMATION
2026,9,SECURITE,575.6880289286308,14087053.109311905,15606124.948669745,-1519071.83935784,-9.733818256320731,-1.363271879529155,74.41776138836586,MODERE,SOUS-CONSOMMATION
2026,10,SECURITE,560.0778663273389,14765296.672438992,15283268.087916978,-517971.4154779855,-3.389140414853392,-0.46484691956343305,37.176873225411846,FAIBLE,SOUS-CONSOMMATION
2026,11,SECURITE,572.7254281686205,14759773.988068264,15544851.020558225,-785077.032489961,-5.050399205831491,-0.7045574895985165,50.56727291761034,FAIBLE,SOUS-CONSOMMATION
2026,12,SECURITE,550.7425074225374,14844254.698920876,15090189.723073093,-245935.02415221743,-1.6297676083964645,-0.22071128825597447,19.805182127227294,FAIBLE,SOUS-CONSOMMATION
