annee,mois,categorie,production_prevue,charge_prevue
2026,1,FINANCE,566.9518955564994,11256046.601463065
2026,2,FINANCE,555.0958089171679,11707663.974587904
2026,3,FINANCE,553.019781535733,11336148.411988702
2026,4,FINANCE,558.2234471446343,10799593.629860243
2026,5,FINANCE,547.1834865256756,10868882.504075455
2026,6,FINANCE,565.0497068136251,11497258.947742423
2026,7,FINANCE,538.9831262930861,11342065.096221017
2026,8,FINANCE,561.1853101030974,11142800.527150214
2026,9,FINANCE,575.6880289286308,10530189.23276798
2026,10,FINANCE,560.0778663273388,11079011.127942968
2026,11,FINANCE,572.7254281686205,10904247.662078911
2026,12,FINANCE,550.7425074225373,10379416.916857492
2026,1,FISCAL,566.9518955564994,27144509.676715158
2026,2,FISCAL,555.0958089171679,27877470.39982082
2026,3,FISCAL,553.019781535733,28396260.46748011
2026,4,FISCAL,558.2234471446343,28220198.062806614
2026,5,FISCAL,547.1834865256756,26132828.919591576
2026,6,FISCAL,565.0497068136251,26538662.20243285
2026,7,FISCAL,538.9831262930861,28054063.063789703
2026,8,FISCAL,561.1853101030974,25823707.65950816
2026,9,FISCAL,575.6880289286308,25834586.66628076
2026,10,FISCAL,560.0778663273388,27781333.995763503
2026,11,FISCAL,572.7254281686205,27229260.595493264
2026,12,FISCAL,550.7425074225373,25515780.608599216
2026,1,LOGISTIQUE,566.9518955564994,63002357.15784239
2026,2,LOGISTIQUE,555.0958089171679,62306887.824361205
2026,3,LOGISTIQUE,553.019781535733,59965131.77810994
2026,4,LOGISTIQUE,558.2234471446343,59300154.868502736
2026,5,LOGISTIQUE,547.1834865256756,60428093.125833936
2026,6,LOGISTIQUE,565.0497068136251,56996818.33210662
2026,7,LOGISTIQUE,538.9831262930861,60239411.659944184
2026,8,LOGISTIQUE,561.1853101030974,60074195.05276609
2026,9,LOGISTIQUE,575.6880289286308,56772088.48157046
2026,10,LOGISTIQUE,560.0778663273388,58870755.744941525
2026,11,LOGISTIQUE,572.7254281686205,60475536.03956652
2026,12,LOGISTIQUE,550.7425074225373,58033682.643119596
2026,1,PRODUCTION,566.9518955564994,348295594.4026681
2026,2,PRODUCTION,555.0958089171679,359844692.88800675
2026,3,PRODUCTION,553.019781535733,340084770.5369252
2026,4,PRODUCTION,558.2234471446343,354289930.31949776
2026,5,PRODUCTION,547.1834865256756,358294618.4491918
2026,6,PRODUCTION,565.0497068136251,349318067.9676964
2026,7,PRODUCTION,538.9831262930861,358287282.82206964
2026,8,PRODUCTION,561.1853101030974,341390512.16467094
2026,9,PRODUCTION,575.6880289286308,355861447.36066973
2026,10,PRODUCTION,560.0778663273388,352136641.6196369
2026,11,PRODUCTION,572.7254281686205,350847264.0831636
2026,12,PRODUCTION,550.7425074225373,349722091.73842496
2026,1,SECURITE,566.9518955564994,14912024.685193758
2026,2,SECURITE,555.0958089171679,14606621.013119213
2026,3,SECURITE,553.019781535733,15148406.937892895
2026,4,SECURITE,558.2234471446343,14396357.98310324
2026,5,SECURITE,547.1834865256756,14616722.115176925
2026,6,SECURITE,565.0497068136251,14272967.261431154
2026,7,SECURITE,538.9831262930861,14304167.988682311
2026,8,SECURITE,561.1853101030974,14748698.046013553
2026,9,SECURITE,575.6880289286308,14123412.567738757
2026,10,SECURITE,560.0778663273388,14612439.255937167
2026,11,SECURITE,572.7254281686205,14508538.988408305
2026,12,SECURITE,550.7425074225373,14562165.423338827
