annee,mois,index_temps,mois_sin,mois_cos,ventes_lag_12,ventes,ca_export_lag_12,ca_export,production_lag_12,production_reelle,charges_lag_12,charges_exploitation,frais_export_lag_12,frais_export,masse_salariale_lag_12,masse_salariale,resultat_operationnel,marge_operationnelle
2026,1,48,0.49999999999999994,0.8660254037844387,253.41,258.66075749774063,1533754588.0,1493562787.632924,587.4,566.9518955564995,469430000.0,446397322.8261839,276749000.0,257586147.84360865,334646000.0,310541150.13353,479038166.8296015,0.3207352049717348
2026,2,49,0.8660254037844386,0.5000000000000001,259.12,256.91722009681473,1549077409.0,1475712185.282831,595.07,555.0958089171681,447253000.0,453035046.1071543,258859000.0,265785995.45520416,334646000.0,307764728.5011228,449126415.2193497,0.304345535463117
2026,3,50,1.0,6.123233995736766e-17,248.07,259.58470716209274,1482527871.0,1506031374.8411357,587.01,553.0197815357333,485227000.0,422798468.1105856,275225000.0,255352554.05102473,334646000.0,305732246.80296737,522148105.87655824,0.34670466671495287
2026,4,51,0.8660254037844387,-0.4999999999999998,263.53,256.26172784727714,1587906336.0,1447815891.8286688,570.48,558.2234471446345,464401000.0,431371155.5624642,272342000.0,256304723.10379115,334646000.0,304716005.9538896,455424007.20852387,0.3145593371221385
2026,5,52,0.49999999999999994,-0.8660254037844387,268.47,255.57981788999695,1622932326.0,1430482654.5402496,590.76,547.1834865256756,459081000.0,433109719.1957648,272984000.0,255964834.8172936,334646000.0,304716005.9538896,436692094.57330155,0.30527605014102904
2026,6,53,1.2246467991473532e-16,-1.0,258.47,258.36965983679016,1555849965.0,1469249530.406615,562.7,565.0497068136252,480171000.0,421227967.8757517,283990000.0,250357714.46668768,334646000.0,305459945.88814145,492203902.17603415,0.3350036137427362
2026,7,54,-0.4999999999999997,-0.8660254037844388,265.83,256.7419112018064,1598232252.0,1447971096.6351483,620.75,538.9831262930861,452024000.0,442256123.73533684,264500000.0,261960827.47594398,334646000.0,306476186.73721915,437277958.6866483,0.3019935685890498
2026,8,55,-0.8660254037844384,-0.5000000000000004,271.95,255.00251193249204,1638366044.0,1424929428.020724,588.99,561.1853101030974,487346000.0,424441544.54515827,284414000.0,251453206.39688036,334646000.0,307220126.671471,441814550.4072144,0.31006065403597566
2026,9,56,-1.0,-1.8369701987210297e-16,264.84,255.99260868604972,1594302506.0,1443171094.0484464,569.06,575.6880289286308,471564000.0,437847424.1275964,265569000.0,262089025.05643892,334646000.0,307220126.671471,436014518.1929401,0.3021225411117494
2026,10,57,-0.8660254037844386,0.5000000000000001,265.43,254.827883192449,1606333878.0,1427123318.1692355,600.4,560.0778663273389,464502000.0,443741090.6155737,273491000.0,257148402.00558382,334646000.0,306203885.82239324,420029939.7256848,0.2943193025985408
2026,11,58,-0.5000000000000004,0.8660254037844384,269.75,252.63876503757257,1627748925.0,1403034026.3516204,572.41,572.7254281686205,464516000.0,442356460.0703374,269408000.0,258226924.4862522,334646000.0,304171404.12423784,398279237.670793,0.28386997762731275
2026,12,59,-2.4492935982947064e-16,1.0,272.11,251.00172946563106,1627325228.0,1389608491.6638663,603.49,550.7425074225374,477470000.0,430000710.57008064,280249000.0,250476145.28033802,334646000.0,301394982.4918306,407736653.321617,0.2934183662287556
