Site,Produit,Unité,Janvier,Février,Mars,Avril,Mai,Juin,Juillet,Août,Septembre,Octobre,Novembre,Décembre,Total annuel
AMPANDRANDAVA,ABR COUPE,tonnes,84.6,71.38,83.58,87.48,69.99,79.35,85.32,79.05,89.32,70.72,86.7,76.08,963.5699999999999
AMPANDRANDAVA,FP1 COUPE,tonnes,58.75,58.55,52.56,56.6,57.3,55.86,60.04,65.08,58.58,59.51,56.97,59.76,699.56
AMPANDRANDAVA,FP2 COUPE,tonnes,46.52,57.06,57.06,57.36,57.85,48.25,59.5,58.33,54.7,51,56.85,57.88,662.36
AMPANDRANDAVA,TRA,tonnes,73.45,79.49,66.84,62.79,71.2,71.42,70.71,61.81,74.4,71.07,71.33,63.98,838.49
AMPANDRANDAVA,BSA,tonnes,43.08,42.72,46.64,40.45,42.66,52.08,41.4,48.4,49.41,48.91,41.6,47.65,545
FORT DAUPHIN,ABR COUPE,tonnes,78.81,73.44,86.54,73.77,74.32,73.07,68.44,76.59,87.95,85.12,76.66,67.33,922.04
FORT DAUPHIN,FP1 COUPE,tonnes,52.88,51.57,53.36,63.4,61.45,67.87,57.41,65.08,62,62.84,62.14,67.66,727.66
FORT DAUPHIN,FP2 COUPE,tonnes,49.57,48.01,51.85,59.9,58.33,55.34,58.06,55.26,59.04,50.71,59.4,50.2,655.67
FORT DAUPHIN,TRA,tonnes,74.8,68.6,60.02,73.97,65.54,79.43,76.14,62.07,75.48,66.15,78.28,70.79,851.27
FORT DAUPHIN,BSA,tonnes,43.73,46.71,48.9,40.6,47.5,40.68,40.78,43.89,47.9,48,39.46,46.95,535.1
