Catégorie,Nature,Site,Unité,Total annuel,mois,valeur
PRODUCTION,Matières et consommables,AMPANDRANDAVA,MGA,1715833000,Janvier,137291000
PRODUCTION,Matières et consommables,AMPANDRANDAVA,MGA,1715833000,Février,145941000
PRODUCTION,Matières et consommables,AMPANDRANDAVA,MGA,1715833000,Mars,160223000
PRODUCTION,Matières et consommables,AMPANDRANDAVA,MGA,1715833000,Avril,135503000
PRODUCTION,Matières et consommables,AMPANDRANDAVA,MGA,1715833000,Mai,160170000
PRODUCTION,Matières et consommables,AMPANDRANDAVA,MGA,1715833000,Juin,132384000
PRODUCTION,Matières et consommables,AMPANDRANDAVA,MGA,1715833000,Juillet,143134000
PRODUCTION,Matières et consommables,AMPANDRANDAVA,MGA,1715833000,Août,147255000
PRODUCTION,Matières et consommables,AMPANDRANDAVA,MGA,1715833000,Septembre,132152000
PRODUCTION,Matières et consommables,AMPANDRANDAVA,MGA,1715833000,Octobre,132332000
PRODUCTION,Matières et consommables,AMPANDRANDAVA,MGA,1715833000,Novembre,152684000
PRODUCTION,Matières et consommables,AMPANDRANDAVA,MGA,1715833000,Décembre,136764000
PRODUCTION,Énergie / électricité,AMPANDRANDAVA,MGA,589210000,Janvier,49896000
PRODUCTION,Énergie / électricité,AMPANDRANDAVA,MGA,589210000,Février,50375000
PRODUCTION,Énergie / électricité,AMPANDRANDAVA,MGA,589210000,Mars,54047000
PRODUCTION,Énergie / électricité,AMPANDRANDAVA,MGA,589210000,Avril,48614000
PRODUCTION,Énergie / électricité,AMPANDRANDAVA,MGA,589210000,Mai,42644000
PRODUCTION,Énergie / électricité,AMPANDRANDAVA,MGA,589210000,Juin,44110000
PRODUCTION,Énergie / électricité,AMPANDRANDAVA,MGA,589210000,Juillet,50795000
PRODUCTION,Énergie / électricité,AMPANDRANDAVA,MGA,589210000,Août,47772000
PRODUCTION,Énergie / électricité,AMPANDRANDAVA,MGA,589210000,Septembre,45734000
PRODUCTION,Énergie / électricité,AMPANDRANDAVA,MGA,589210000,Octobre,52881000
PRODUCTION,Énergie / électricité,AMPANDRANDAVA,MGA,589210000,Novembre,49219000
PRODUCTION,Énergie / électricité,AMPANDRANDAVA,MGA,589210000,Décembre,53123000
PRODUCTION,Traitement mica,AMPANDRANDAVA,MGA,1000933000,Janvier,85413000
PRODUCTION,Traitement mica,AMPANDRANDAVA,MGA,1000933000,Février,86123000
PRODUCTION,Traitement mica,AMPANDRANDAVA,MGA,1000933000,Mars,77975000
PRODUCTION,Traitement mica,AMPANDRANDAVA,MGA,1000933000,Avril,80009000
PRODUCTION,Traitement mica,AMPANDRANDAVA,MGA,1000933000,Mai,90557000
PRODUCTION,Traitement mica,AMPANDRANDAVA,MGA,1000933000,Juin,85235000
PRODUCTION,Traitement mica,AMPANDRANDAVA,MGA,1000933000,Juillet,82475000
PRODUCTION,Traitement mica,AMPANDRANDAVA,MGA,1000933000,Août,79617000
PRODUCTION,Traitement mica,AMPANDRANDAVA,MGA,1000933000,Septembre,75401000
PRODUCTION,Traitement mica,AMPANDRANDAVA,MGA,1000933000,Octobre,82565000
PRODUCTION,Traitement mica,AMPANDRANDAVA,MGA,1000933000,Novembre,92098000
PRODUCTION,Traitement mica,AMPANDRANDAVA,MGA,1000933000,Décembre,83465000
PRODUCTION,Maintenance équipements,AMPANDRANDAVA,MGA,379200000,Janvier,29736000
PRODUCTION,Maintenance équipements,AMPANDRANDAVA,MGA,379200000,Février,31677000
PRODUCTION,Maintenance équipements,AMPANDRANDAVA,MGA,379200000,Mars,30771000
PRODUCTION,Maintenance équipements,AMPANDRANDAVA,MGA,379200000,Avril,28214000
PRODUCTION,Maintenance équipements,AMPANDRANDAVA,MGA,379200000,Mai,34041000
PRODUCTION,Maintenance équipements,AMPANDRANDAVA,MGA,379200000,Juin,31545000
PRODUCTION,Maintenance équipements,AMPANDRANDAVA,MGA,379200000,Juillet,30414000
PRODUCTION,Maintenance équipements,AMPANDRANDAVA,MGA,379200000,Août,33422000
PRODUCTION,Maintenance équipements,AMPANDRANDAVA,MGA,379200000,Septembre,28813000
PRODUCTION,Maintenance équipements,AMPANDRANDAVA,MGA,379200000,Octobre,35179000
PRODUCTION,Maintenance équipements,AMPANDRANDAVA,MGA,379200000,Novembre,33528000
PRODUCTION,Maintenance équipements,AMPANDRANDAVA,MGA,379200000,Décembre,31860000
PRODUCTION,Emballages,FORT DAUPHIN,MGA,281930000,Janvier,22382000
PRODUCTION,Emballages,FORT DAUPHIN,MGA,281930000,Février,24134000
PRODUCTION,Emballages,FORT DAUPHIN,MGA,281930000,Mars,25616000
PRODUCTION,Emballages,FORT DAUPHIN,MGA,281930000,Avril,22515000
PRODUCTION,Emballages,FORT DAUPHIN,MGA,281930000,Mai,24945000
PRODUCTION,Emballages,FORT DAUPHIN,MGA,281930000,Juin,23000000
PRODUCTION,Emballages,FORT DAUPHIN,MGA,281930000,Juillet,24197000
PRODUCTION,Emballages,FORT DAUPHIN,MGA,281930000,Août,22936000
PRODUCTION,Emballages,FORT DAUPHIN,MGA,281930000,Septembre,22880000
PRODUCTION,Emballages,FORT DAUPHIN,MGA,281930000,Octobre,21455000
PRODUCTION,Emballages,FORT DAUPHIN,MGA,281930000,Novembre,22386000
PRODUCTION,Emballages,FORT DAUPHIN,MGA,281930000,Décembre,25484000
ADMINISTRATION,Salaires administratifs,FORT DAUPHIN,MGA,797877000,Janvier,67898000
ADMINISTRATION,Salaires administratifs,FORT DAUPHIN,MGA,797877000,Février,64024000
ADMINISTRATION,Salaires administratifs,FORT DAUPHIN,MGA,797877000,Mars,70864000
ADMINISTRATION,Salaires administratifs,FORT DAUPHIN,MGA,797877000,Avril,65174000
ADMINISTRATION,Salaires administratifs,FORT DAUPHIN,MGA,797877000,Mai,65435000
ADMINISTRATION,Salaires administratifs,FORT DAUPHIN,MGA,797877000,Juin,62221000
ADMINISTRATION,Salaires administratifs,FORT DAUPHIN,MGA,797877000,Juillet,68947000
ADMINISTRATION,Salaires administratifs,FORT DAUPHIN,MGA,797877000,Août,69009000
ADMINISTRATION,Salaires administratifs,FORT DAUPHIN,MGA,797877000,Septembre,65720000
ADMINISTRATION,Salaires administratifs,FORT DAUPHIN,MGA,797877000,Octobre,62406000
ADMINISTRATION,Salaires administratifs,FORT DAUPHIN,MGA,797877000,Novembre,65783000
ADMINISTRATION,Salaires administratifs,FORT DAUPHIN,MGA,797877000,Décembre,70396000
ADMINISTRATION,Télécommunications / Internet,FORT DAUPHIN,MGA,89393000,Janvier,8007000
ADMINISTRATION,Télécommunications / Internet,FORT DAUPHIN,MGA,89393000,Février,6967000
ADMINISTRATION,Télécommunications / Internet,FORT DAUPHIN,MGA,89393000,Mars,8353000
ADMINISTRATION,Télécommunications / Internet,FORT DAUPHIN,MGA,89393000,Avril,8113000
ADMINISTRATION,Télécommunications / Internet,FORT DAUPHIN,MGA,89393000,Mai,7595000
ADMINISTRATION,Télécommunications / Internet,FORT DAUPHIN,MGA,89393000,Juin,8445000
ADMINISTRATION,Télécommunications / Internet,FORT DAUPHIN,MGA,89393000,Juillet,6787000
ADMINISTRATION,Télécommunications / Internet,FORT DAUPHIN,MGA,89393000,Août,7506000
ADMINISTRATION,Télécommunications / Internet,FORT DAUPHIN,MGA,89393000,Septembre,7094000
ADMINISTRATION,Télécommunications / Internet,FORT DAUPHIN,MGA,89393000,Octobre,6701000
ADMINISTRATION,Télécommunications / Internet,FORT DAUPHIN,MGA,89393000,Novembre,6975000
ADMINISTRATION,Télécommunications / Internet,FORT DAUPHIN,MGA,89393000,Décembre,6850000
ADMINISTRATION,Assurances,FORT DAUPHIN,MGA,158881000,Janvier,12621000
ADMINISTRATION,Assurances,FORT DAUPHIN,MGA,158881000,Février,12910000
ADMINISTRATION,Assurances,FORT DAUPHIN,MGA,158881000,Mars,13878000
ADMINISTRATION,Assurances,FORT DAUPHIN,MGA,158881000,Avril,14384000
ADMINISTRATION,Assurances,FORT DAUPHIN,MGA,158881000,Mai,11846000
ADMINISTRATION,Assurances,FORT DAUPHIN,MGA,158881000,Juin,14216000
ADMINISTRATION,Assurances,FORT DAUPHIN,MGA,158881000,Juillet,12903000
ADMINISTRATION,Assurances,FORT DAUPHIN,MGA,158881000,Août,11463000
ADMINISTRATION,Assurances,FORT DAUPHIN,MGA,158881000,Septembre,13629000
ADMINISTRATION,Assurances,FORT DAUPHIN,MGA,158881000,Octobre,14135000
ADMINISTRATION,Assurances,FORT DAUPHIN,MGA,158881000,Novembre,13133000
ADMINISTRATION,Assurances,FORT DAUPHIN,MGA,158881000,Décembre,13763000
ADMINISTRATION,Honoraires et conseil,FORT DAUPHIN,MGA,194032000,Janvier,17180000
ADMINISTRATION,Honoraires et conseil,FORT DAUPHIN,MGA,194032000,Février,14890000
ADMINISTRATION,Honoraires et conseil,FORT DAUPHIN,MGA,194032000,Mars,17423000
ADMINISTRATION,Honoraires et conseil,FORT DAUPHIN,MGA,194032000,Avril,16114000
ADMINISTRATION,Honoraires et conseil,FORT DAUPHIN,MGA,194032000,Mai,16798000
ADMINISTRATION,Honoraires et conseil,FORT DAUPHIN,MGA,194032000,Juin,17913000
ADMINISTRATION,Honoraires et conseil,FORT DAUPHIN,MGA,194032000,Juillet,16061000
ADMINISTRATION,Honoraires et conseil,FORT DAUPHIN,MGA,194032000,Août,15665000
ADMINISTRATION,Honoraires et conseil,FORT DAUPHIN,MGA,194032000,Septembre,15891000
ADMINISTRATION,Honoraires et conseil,FORT DAUPHIN,MGA,194032000,Octobre,14964000
ADMINISTRATION,Honoraires et conseil,FORT DAUPHIN,MGA,194032000,Novembre,14257000
ADMINISTRATION,Honoraires et conseil,FORT DAUPHIN,MGA,194032000,Décembre,16876000
LOGISTIQUE,Transport interne,FORT DAUPHIN,MGA,453972000,Janvier,37704000
LOGISTIQUE,Transport interne,FORT DAUPHIN,MGA,453972000,Février,39710000
LOGISTIQUE,Transport interne,FORT DAUPHIN,MGA,453972000,Mars,38432000
LOGISTIQUE,Transport interne,FORT DAUPHIN,MGA,453972000,Avril,34160000
LOGISTIQUE,Transport interne,FORT DAUPHIN,MGA,453972000,Mai,35986000
LOGISTIQUE,Transport interne,FORT DAUPHIN,MGA,453972000,Juin,41103000
LOGISTIQUE,Transport interne,FORT DAUPHIN,MGA,453972000,Juillet,34551000
LOGISTIQUE,Transport interne,FORT DAUPHIN,MGA,453972000,Août,39408000
LOGISTIQUE,Transport interne,FORT DAUPHIN,MGA,453972000,Septembre,38527000
LOGISTIQUE,Transport interne,FORT DAUPHIN,MGA,453972000,Octobre,36872000
LOGISTIQUE,Transport interne,FORT DAUPHIN,MGA,453972000,Novembre,36549000
LOGISTIQUE,Transport interne,FORT DAUPHIN,MGA,453972000,Décembre,40970000
LOGISTIQUE,Magasinage / manutention,FORT DAUPHIN,MGA,265607000,Janvier,22710000
LOGISTIQUE,Magasinage / manutention,FORT DAUPHIN,MGA,265607000,Février,21975000
LOGISTIQUE,Magasinage / manutention,FORT DAUPHIN,MGA,265607000,Mars,23472000
LOGISTIQUE,Magasinage / manutention,FORT DAUPHIN,MGA,265607000,Avril,23708000
LOGISTIQUE,Magasinage / manutention,FORT DAUPHIN,MGA,265607000,Mai,23782000
LOGISTIQUE,Magasinage / manutention,FORT DAUPHIN,MGA,265607000,Juin,20868000
LOGISTIQUE,Magasinage / manutention,FORT DAUPHIN,MGA,265607000,Juillet,21599000
LOGISTIQUE,Magasinage / manutention,FORT DAUPHIN,MGA,265607000,Août,23896000
LOGISTIQUE,Magasinage / manutention,FORT DAUPHIN,MGA,265607000,Septembre,22113000
LOGISTIQUE,Magasinage / manutention,FORT DAUPHIN,MGA,265607000,Octobre,20775000
LOGISTIQUE,Magasinage / manutention,FORT DAUPHIN,MGA,265607000,Novembre,19975000
LOGISTIQUE,Magasinage / manutention,FORT DAUPHIN,MGA,265607000,Décembre,20734000
FISCAL,Impôts et taxes,FORT DAUPHIN,MGA,325617000,Janvier,27301000
FISCAL,Impôts et taxes,FORT DAUPHIN,MGA,325617000,Février,30019000
FISCAL,Impôts et taxes,FORT DAUPHIN,MGA,325617000,Mars,28557000
FISCAL,Impôts et taxes,FORT DAUPHIN,MGA,325617000,Avril,26655000
FISCAL,Impôts et taxes,FORT DAUPHIN,MGA,325617000,Mai,28846000
FISCAL,Impôts et taxes,FORT DAUPHIN,MGA,325617000,Juin,25035000
FISCAL,Impôts et taxes,FORT DAUPHIN,MGA,325617000,Juillet,29174000
FISCAL,Impôts et taxes,FORT DAUPHIN,MGA,325617000,Août,25582000
FISCAL,Impôts et taxes,FORT DAUPHIN,MGA,325617000,Septembre,24483000
FISCAL,Impôts et taxes,FORT DAUPHIN,MGA,325617000,Octobre,24858000
FISCAL,Impôts et taxes,FORT DAUPHIN,MGA,325617000,Novembre,25308000
FISCAL,Impôts et taxes,FORT DAUPHIN,MGA,325617000,Décembre,29799000
FINANCE,Frais bancaires,FORT DAUPHIN,MGA,132811000,Janvier,10432000
FINANCE,Frais bancaires,FORT DAUPHIN,MGA,132811000,Février,9889000
FINANCE,Frais bancaires,FORT DAUPHIN,MGA,132811000,Mars,12335000
FINANCE,Frais bancaires,FORT DAUPHIN,MGA,132811000,Avril,12000000
FINANCE,Frais bancaires,FORT DAUPHIN,MGA,132811000,Mai,10368000
FINANCE,Frais bancaires,FORT DAUPHIN,MGA,132811000,Juin,12156000
FINANCE,Frais bancaires,FORT DAUPHIN,MGA,132811000,Juillet,12370000
FINANCE,Frais bancaires,FORT DAUPHIN,MGA,132811000,Août,9908000
FINANCE,Frais bancaires,FORT DAUPHIN,MGA,132811000,Septembre,10698000
FINANCE,Frais bancaires,FORT DAUPHIN,MGA,132811000,Octobre,10148000
FINANCE,Frais bancaires,FORT DAUPHIN,MGA,132811000,Novembre,10671000
FINANCE,Frais bancaires,FORT DAUPHIN,MGA,132811000,Décembre,11836000
SECURITE,Gardiennage / sécurité,AMPANDRANDAVA,MGA,182292000,Janvier,16231000
SECURITE,Gardiennage / sécurité,AMPANDRANDAVA,MGA,182292000,Février,15363000
SECURITE,Gardiennage / sécurité,AMPANDRANDAVA,MGA,182292000,Mars,16047000
SECURITE,Gardiennage / sécurité,AMPANDRANDAVA,MGA,182292000,Avril,14824000
SECURITE,Gardiennage / sécurité,AMPANDRANDAVA,MGA,182292000,Mai,15529000
SECURITE,Gardiennage / sécurité,AMPANDRANDAVA,MGA,182292000,Juin,14110000
SECURITE,Gardiennage / sécurité,AMPANDRANDAVA,MGA,182292000,Juillet,13335000
SECURITE,Gardiennage / sécurité,AMPANDRANDAVA,MGA,182292000,Août,16093000
SECURITE,Gardiennage / sécurité,AMPANDRANDAVA,MGA,182292000,Septembre,16062000
SECURITE,Gardiennage / sécurité,AMPANDRANDAVA,MGA,182292000,Octobre,14521000
SECURITE,Gardiennage / sécurité,AMPANDRANDAVA,MGA,182292000,Novembre,15250000
SECURITE,Gardiennage / sécurité,AMPANDRANDAVA,MGA,182292000,Décembre,14927000
