SOMIDA — TABLEAU DE BORD DES EXPORTATIONS 2025,,,,,,,,,,,,,,,,,,
"Pilotage DAF • Japon / Russie / Chine • Suivi mensuel des volumes, devises et chiffre d’affaires",,,,,,,,,,,,,,,,,,
,,,,,,,,,,,,,,,,,,
VOLUME EXPORTÉ (t),,,CA EXPORT (MGA),,,CA JAPON (MGA),,,CA RUSSIE (MGA),,,CA CHINE (MGA),,,MARCHÉS / DEVISES,,,
3160.98,,,19024357328,,,5885836491,,,6497377284,,,6641143553,,,3 pays • JPY / USD,,,
,,,,,,,,,,,,,,,,,,
"DÉTAIL MENSUEL DES EXPORTATIONS PAR MARCHÉ, REPRÉSENTANT ET PRODUIT",,,,,,,,,,,,,,,,,,
,,,,,,,,,,,,,,,,,,
Pays,Entité représentatrice,Produit,Devise,Indicateur,Unité,Janvier,Février,Mars,Avril,Mai,Juin,Juillet,Août,Septembre,Octobre,Novembre,Décembre,Total annuel
Japon,GOODEIS,ABR COUPE,JPY,Quantité exportée,tonnes,22.41,28.3,24.78,21.55,18.77,25.31,22.15,24.34,21.74,18.72,16.84,23.34,268.25
Japon,GOODEIS,ABR COUPE,JPY,Chiffre d'affaires devise,JPY,4249496.25,5366387.5,4698907.5,4086418.75,3559261.25,4799408.75,4200193.75,4615472.5,4122447.5,3549780,3193285,4425847.5,50866906.25
Japon,GOODEIS,ABR COUPE,JPY,Chiffre d'affaires MGA,MGA,132584283,167431290,146605914,127496265,111048951,149741553,131046045,144002742,128620362,110753136,99630492,138086442,1587047475
Japon,GOODEIS,FP1 COUPE,JPY,Quantité exportée,tonnes,13.27,15.75,14.4,18.43,19.53,21.47,17.97,15.96,20.4,15.48,15.39,22.27,210.32
Japon,GOODEIS,FP1 COUPE,JPY,Chiffre d'affaires devise,JPY,2325899.25,2760581.25,2523960,3230318.25,3423120.75,3763154.25,3149691.75,2797389,3575610,2713257,2697482.25,3903374.25,36863838
Japon,GOODEIS,FP1 COUPE,JPY,Chiffre d'affaires MGA,MGA,72568057,86130135,78747552,100785929,106801367,117410413,98270383,87278537,111559032,84653618,84161446,121785277,1150151746
Japon,GOODEIS,FP2 COUPE,JPY,Quantité exportée,tonnes,12.09,13.7,16.46,16.65,14.16,13.79,19.3,12.74,13.86,15.49,17.11,14.13,179.48
Japon,GOODEIS,FP2 COUPE,JPY,Chiffre d'affaires devise,JPY,2044721.25,2317012.5,2783797.5,2815931.25,2394810,2332233.75,3264112.5,2154652.5,2344072.5,2619746.25,2893728.75,2389736.25,30354555
Japon,GOODEIS,FP2 COUPE,JPY,Chiffre d'affaires MGA,MGA,63795303,72290790,86854482,87857055,74718072,72765693,101840310,67225158,73135062,81736083,90284337,74559771,947062116
Japon,GOODEIS,TRA,JPY,Quantité exportée,tonnes,22.11,25.16,15.73,24.26,16.84,24.37,16.42,23.72,25.45,25.9,26.21,19.78,265.95
Japon,GOODEIS,TRA,JPY,Chiffre d'affaires devise,JPY,4033969.5,4590442,2869938.5,4426237,3072458,4446306.5,2995829,4327714,4643352.5,4725455,4782014.5,3608861,48522577.5
Japon,GOODEIS,TRA,JPY,Chiffre d'affaires MGA,MGA,125859848,143221790,89542081,138098594,95860690,138724763,93469865,135024677,144872598,147434196,149198852,112596463,1513904417
Japon,GOODEIS,BSA,JPY,Quantité exportée,tonnes,10.39,15,14.81,9.93,9.78,9.74,11.15,9.78,12.8,9.7,10.41,15.24,138.73
Japon,GOODEIS,BSA,JPY,Chiffre d'affaires devise,JPY,1650711.25,2383125,2352938.75,1577628.75,1553797.5,1547442.5,1771456.25,1553797.5,2033600,1541087.5,1653888.75,2421255,22040728.75
Japon,GOODEIS,BSA,JPY,Chiffre d'affaires MGA,MGA,51502191,74353500,73411689,49222017,48478482,48280206,55269435,48478482,63448320,48081930,51601329,75543156,687670737
Russie,ELINAR,ABR COUPE,USD,Quantité exportée,tonnes,18.72,21.9,17.02,19.51,22.61,20.86,16.7,21,26.63,19.13,21.95,17.73,243.76
Russie,ELINAR,ABR COUPE,USD,Chiffre d'affaires devise,USD,27822.6,32548.87,25295.97,28996.74,33604.11,31003.17,24820.37,31211.25,39578.84,28431.96,32623.19,26351.21,362288.27999999997
Russie,ELINAR,ABR COUPE,USD,Chiffre d'affaires MGA,MGA,126871056,148422847,115349623,132225134,153234742,141374455,113180887,142323300,180479510,129649738,148761746,120161518,1652034556
Russie,ELINAR,FP1 COUPE,USD,Quantité exportée,tonnes,21.75,13.94,20.56,19.93,16.28,16.99,18.56,15.39,13.87,21.09,18.53,16.59,213.48
Russie,ELINAR,FP1 COUPE,USD,Chiffre d'affaires devise,USD,29427.75,18860.82,27817.68,26965.29,22026.84,22987.47,25111.68,20822.67,18766.11,28534.77,25071.09,22446.27,288838.44
Russie,ELINAR,FP1 COUPE,USD,Chiffre d'affaires MGA,MGA,134190540,86005339,126848621,122961722,100442390,104822863,114509261,94951375,85573462,130118551,114324170,102354991,1317103285
Russie,ELINAR,FP2 COUPE,USD,Quantité exportée,tonnes,13.52,13.11,11.66,12.68,17.3,14.67,17.18,14.15,16.43,14.91,15.86,18.4,179.87
Russie,ELINAR,FP2 COUPE,USD,Chiffre d'affaires devise,USD,17599.66,17065.94,15178.41,16506.19,22520.28,19096.67,22364.06,18419.76,21387.75,19409.09,20645.76,23952.2,234145.77
Russie,ELINAR,FP2 COUPE,USD,Chiffre d'affaires MGA,MGA,80254450,77820686,69213550,75268226,102692477,87080815,101980114,83994106,97528140,88505450,94144666,109222032,1067704712
Russie,ELINAR,TRA,USD,Quantité exportée,tonnes,15.1,20.65,15.32,21.31,26.16,15.64,16.34,16.99,23.81,26.48,25.7,25.24,248.73999999999998
Russie,ELINAR,TRA,USD,Chiffre d'affaires devise,USD,21513.72,29421.09,21827.17,30361.42,37271.46,22283.09,23280.41,24206.5,33923.3,37727.38,36616.07,35960.69,354392.3
Russie,ELINAR,TRA,USD,Chiffre d'affaires MGA,MGA,98102563,134160170,99531895,138448075,169957858,101610890,106158670,110381640,154690248,172036853,166969279,163980746,1616028887
Russie,ELINAR,BSA,USD,Quantité exportée,tonnes,11.55,14.98,15.59,9.82,10.63,11.38,9.51,14.9,14.16,11.97,14.24,14.39,153.12
Russie,ELINAR,BSA,USD,Chiffre d'affaires devise,USD,13969.73,18118.31,18856.1,11877.29,12856.99,13764.11,11502.34,18021.55,17126.52,14477.72,17223.28,17404.71,185198.65
Russie,ELINAR,BSA,USD,Chiffre d'affaires MGA,MGA,63701969,82619494,85983816,54160442,58627874,62764342,52450670,82178268,78096931,66018403,78538157,79365478,844505844
Chine,REPRESENTANT CHINE - A VALIDER,ABR COUPE,USD,Quantité exportée,tonnes,26.9,16.43,17.52,23.77,17.88,26.92,27.03,21.05,21.77,25.49,27.44,16.4,268.6
Chine,REPRESENTANT CHINE - A VALIDER,ABR COUPE,USD,Chiffre d'affaires devise,USD,39980.12,24419.09,26039.1,35328.16,26574.15,40009.85,40173.34,31285.56,32355.66,37884.51,40782.7,24374.5,399206.74
Chine,REPRESENTANT CHINE - A VALIDER,ABR COUPE,USD,Chiffre d'affaires MGA,MGA,182309347,111351050,118738296,161096410,121178124,182444916,183190430,142662154,147541810,172753366,185969112,111147720,1820382735
Chine,REPRESENTANT CHINE - A VALIDER,FP1 COUPE,USD,Quantité exportée,tonnes,22.31,17.42,12.71,21.46,22.29,13.51,19.18,22.27,14.62,17.44,16.63,17.9,217.74
Chine,REPRESENTANT CHINE - A VALIDER,FP1 COUPE,USD,Chiffre d'affaires devise,USD,30185.43,23569.26,17196.63,29035.38,30158.37,18279.03,25950.54,30131.31,19780.86,23596.32,22500.39,24218.7,294602.22
Chine,REPRESENTANT CHINE - A VALIDER,FP1 COUPE,USD,Chiffre d'affaires MGA,MGA,137645561,107475826,78416633,132401333,137522167,83352377,118334462,137398774,90200722,107599219,102601778,110437272,1343386124
Chine,REPRESENTANT CHINE - A VALIDER,FP2 COUPE,USD,Quantité exportée,tonnes,12.42,12.18,13.32,11.58,18.16,14.94,19.51,19.72,11.21,11.75,11.67,16.55,173.01
Chine,REPRESENTANT CHINE - A VALIDER,FP2 COUPE,USD,Chiffre d'affaires devise,USD,16167.74,15855.32,17339.31,15074.26,23639.78,19448.15,25397.14,25670.51,14592.62,15295.56,15191.42,21543.96,225215.77
Chine,REPRESENTANT CHINE - A VALIDER,FP2 COUPE,USD,Chiffre d'affaires MGA,MGA,73724894,72300259,79067254,68738626,107797397,88683564,115810958,117057526,66542347,69747754,69272875,98240458,1026983912
Chine,REPRESENTANT CHINE - A VALIDER,TRA,USD,Quantité exportée,tonnes,20.77,17.04,24.03,19.43,25.01,17.84,21.01,25.6,17.41,21.82,17.39,21.9,249.25
Chine,REPRESENTANT CHINE - A VALIDER,TRA,USD,Chiffre d'affaires devise,USD,29592.06,24277.74,34236.74,27682.89,35633,25417.54,29934,36473.6,24804.9,31088.04,24776.4,31202.02,355118.93
Chine,REPRESENTANT CHINE - A VALIDER,TRA,USD,Chiffre d'affaires MGA,MGA,134939794,110706494,156119534,126233978,162486480,115903982,136499040,166319616,113110344,141761462,112980384,142281211,1619342319
Chine,REPRESENTANT CHINE - A VALIDER,BSA,USD,Quantité exportée,tonnes,10.1,13.56,14.16,13.22,13.07,11.04,13.82,14.34,10.68,10.06,14.38,12.25,150.68
Chine,REPRESENTANT CHINE - A VALIDER,BSA,USD,Chiffre d'affaires devise,USD,12215.95,16400.82,17126.52,15989.59,15808.17,13352.88,16715.29,17344.23,12917.46,12167.57,17392.61,14816.38,182247.47
Chine,REPRESENTANT CHINE - A VALIDER,BSA,USD,Chiffre d'affaires MGA,MGA,55704732,74787739,78096931,72912530,72085255,60889133,76221722,79089689,58903618,55484119,79310302,67562693,831048463
