Pays,Entité représentatrice,Nature frais,Unité,Janvier,Février,Mars,Avril,Mai,Juin,Juillet,Août,Septembre,Octobre,Novembre,Décembre,Total annuel
Japon,GOODEIS,Transport local,MGA,14753000,13416000,17106000,15581000,16042000,15646000,14831000,16267000,16701000,14028000,13499000,16836000,184706000
Japon,GOODEIS,Transit & documents,MGA,7654000,7887000,7855000,7863000,7310000,6543000,7123000,7323000,6950000,6690000,6145000,7893000,87236000
Japon,GOODEIS,Manutention portuaire,MGA,8393000,10022000,8553000,9369000,8782000,8174000,10658000,8430000,7975000,10003000,8894000,8458000,107711000
Japon,GOODEIS,Fret international,MGA,56351000,45347000,54531000,55988000,56202000,53591000,45273000,54702000,52777000,46571000,44719000,58538000,624590000
Japon,GOODEIS,Assurance transport,MGA,4510000,4969000,4443000,4441000,4569000,4890000,4609000,4801000,4545000,4426000,4644000,5482000,56329000
Japon,GOODEIS,Frais bancaires export,MGA,3963000,3201000,3005000,3266000,3044000,3874000,3413000,3007000,4015000,3765000,3991000,3614000,42158000
Russie,ELINAR,Transport local,MGA,15484000,14794000,15698000,16581000,14471000,14589000,14271000,18467000,16038000,15447000,15290000,13865000,184995000
Russie,ELINAR,Transit & documents,MGA,8250000,6729000,6584000,7219000,6904000,6591000,7806000,6414000,6761000,8166000,8209000,6880000,86513000
Russie,ELINAR,Manutention portuaire,MGA,10696000,9472000,9605000,8691000,9005000,10990000,10995000,11615000,10935000,10567000,8695000,9248000,120514000
Russie,ELINAR,Fret international,MGA,64525000,50230000,59102000,51234000,56834000,63939000,51924000,59121000,49118000,59321000,58507000,53455000,677310000
Russie,ELINAR,Assurance transport,MGA,6079000,5921000,5863000,5778000,5073000,5964000,5357000,5155000,5545000,6030000,5970000,5060000,67795000
Russie,ELINAR,Frais bancaires export,MGA,4355000,3965000,4020000,4194000,3910000,3244000,4037000,4173000,3649000,4135000,3425000,4263000,47370000
Chine,REPRESENTANT CHINE - A VALIDER,Transport local,MGA,11374000,13394000,12635000,14432000,13174000,14997000,12655000,13143000,12520000,13189000,11733000,15129000,158375000
Chine,REPRESENTANT CHINE - A VALIDER,Transit & documents,MGA,5566000,6892000,6576000,6615000,5708000,6692000,5858000,7038000,5306000,5306000,6152000,5725000,73434000
Chine,REPRESENTANT CHINE - A VALIDER,Manutention portuaire,MGA,7142000,9081000,9021000,8583000,8804000,9058000,8982000,7738000,8657000,8345000,8797000,8004000,102212000
Chine,REPRESENTANT CHINE - A VALIDER,Fret international,MGA,40310000,45983000,42376000,45451000,44543000,47393000,49577000,49776000,45853000,50348000,53594000,50079000,565283000
Chine,REPRESENTANT CHINE - A VALIDER,Assurance transport,MGA,4606000,4715000,4780000,4090000,5103000,4453000,4201000,4591000,4804000,3865000,4372000,4564000,54144000
Chine,REPRESENTANT CHINE - A VALIDER,Frais bancaires export,MGA,2738000,2841000,3472000,2966000,3506000,3362000,2930000,2653000,3420000,3289000,2772000,3156000,37105000
