SOMIDA — TABLEAU DE BORD DES EXPORTATIONS 2024,,,,,,,,,,,,,,,,,,
"Pilotage DAF • Japon / Russie / Chine • Suivi mensuel des volumes, devises et chiffre d’affaires",,,,,,,,,,,,,,,,,,
,,,,,,,,,,,,,,,,,,
VOLUME EXPORTÉ (t),,,CA EXPORT (MGA),,,CA JAPON (MGA),,,CA RUSSIE (MGA),,,CA CHINE (MGA),,,MARCHÉS / DEVISES,,,
3094.92,,,17737746840,,,5418113635,,,6201787445,,,6117845760,,,3 pays • JPY / USD,,,
,,,,,,,,,,,,,,,,,,
"DÉTAIL MENSUEL DES EXPORTATIONS PAR MARCHÉ, REPRÉSENTANT ET PRODUIT",,,,,,,,,,,,,,,,,,
,,,,,,,,,,,,,,,,,,
Pays,Entité représentatrice,Produit,Devise,Indicateur,Unité,Janvier,Février,Mars,Avril,Mai,Juin,Juillet,Août,Septembre,Octobre,Novembre,Décembre,Total annuel
Japon,GOODEIS,ABR COUPE,JPY,Quantité exportée,tonnes,26.98,20.36,16.55,18.41,16.68,25.44,21.5,25.5,16.9,15.88,16.83,25.95,246.98
Japon,GOODEIS,ABR COUPE,JPY,Chiffre d'affaires devise,JPY,4991300,3766600,3061750,3405850,3085800,4706400,3977500,4717500,3126500,2937800,3113550,4800750,45691300
Japon,GOODEIS,ABR COUPE,JPY,Chiffre d'affaires MGA,MGA,152234650,114881300,93383375,103878425,94116900,143545200,121313750,143883750,95358250,89602900,94963275,146422875,1393584650
Japon,GOODEIS,FP1 COUPE,JPY,Quantité exportée,tonnes,18.23,14.24,18.92,14.44,20.13,21.29,17.77,19.57,16.22,17.27,15.9,14.77,208.75
Japon,GOODEIS,FP1 COUPE,JPY,Chiffre d'affaires devise,JPY,3117330,2435040,3235320,2469240,3442230,3640590,3038670,3346470,2773620,2953170,2718900,2525670,35696250
Japon,GOODEIS,FP1 COUPE,JPY,Chiffre d'affaires MGA,MGA,95078565,74268720,98677260,75311820,104988015,111037995,92679435,102067335,84595410,90071685,82926450,77032935,1088735625
Japon,GOODEIS,FP2 COUPE,JPY,Quantité exportée,tonnes,17.69,18.26,16.81,12.01,13.83,12.45,14.83,16.64,19.18,11.88,14.27,18.46,186.31
Japon,GOODEIS,FP2 COUPE,JPY,Chiffre d'affaires devise,JPY,2918850,3012900,2773650,1981650,2281950,2054250,2446950,2745600,3164700,1960200,2354550,3045900,30741150
Japon,GOODEIS,FP2 COUPE,JPY,Chiffre d'affaires MGA,MGA,89024925,91893450,84596325,60440325,69599475,62654625,74631975,83740800,96523350,59786100,71813775,92899950,937605075
Japon,GOODEIS,TRA,JPY,Quantité exportée,tonnes,17.08,19.28,23.69,16.17,18.62,24.79,21.53,22.55,20.48,21.28,18.05,21.47,244.99
Japon,GOODEIS,TRA,JPY,Chiffre d'affaires devise,JPY,3040240,3431840,4216820,2878260,3314360,4412620,3832340,4013900,3645440,3787840,3212900,3821660,43608220
Japon,GOODEIS,TRA,JPY,Chiffre d'affaires MGA,MGA,92727320,104671120,128613010,87786930,101087980,134584910,116886370,122423950,111185920,115529120,97993450,116560630,1330050710
Japon,GOODEIS,BSA,JPY,Quantité exportée,tonnes,11.07,10.97,9.46,9.93,12.15,14.06,9.35,12.71,11.77,13.79,12.49,13.58,141.33
Japon,GOODEIS,BSA,JPY,Chiffre d'affaires devise,JPY,1715850,1700350,1466300,1539150,1883250,2179300,1449250,1970050,1824350,2137450,1935950,2104900,21906150
Japon,GOODEIS,BSA,JPY,Chiffre d'affaires MGA,MGA,52333425,51860675,44722150,46944075,57439125,66468650,44202125,60086525,55642675,65192225,59046475,64199450,668137575
Russie,ELINAR,ABR COUPE,USD,Quantité exportée,tonnes,27.77,21.84,27.29,19.78,23.42,18.77,17.97,18.58,25.58,27.23,16.17,21.51,265.91
Russie,ELINAR,ABR COUPE,USD,Chiffre d'affaires devise,USD,40266.5,31668,39570.5,28681,33959,27216.5,26056.5,26941,37091,39483.5,23446.5,31189.5,385569.5
Russie,ELINAR,ABR COUPE,USD,Chiffre d'affaires MGA,MGA,179185925,140922600,176088725,127630450,151117550,121113425,115951425,119887450,165054950,175701575,104336925,138793275,1715784275
Russie,ELINAR,FP1 COUPE,USD,Quantité exportée,tonnes,17.13,12.66,19.32,13.79,20.93,17.73,14.43,17.65,18.74,16.4,18.21,19.73,206.72
Russie,ELINAR,FP1 COUPE,USD,Chiffre d'affaires devise,USD,22611.6,16711.2,25502.4,18202.8,27627.6,23403.6,19047.6,23298,24736.8,21648,24037.2,26043.6,272870.4
Russie,ELINAR,FP1 COUPE,USD,Chiffre d'affaires MGA,MGA,100621620,74364840,113485680,81002460,122942820,104146020,84761820,103676100,110078760,96333600,106965540,115894020,1214273280
Russie,ELINAR,FP2 COUPE,USD,Quantité exportée,tonnes,14.67,15.16,16.67,14.66,15.19,13.32,18.69,18.89,12.49,14.8,12.51,13.17,180.22
Russie,ELINAR,FP2 COUPE,USD,Chiffre d'affaires devise,USD,18630.9,19253.2,21170.9,18618.2,19291.3,16916.4,23736.3,23990.3,15862.3,18796,15887.7,16725.9,228879.4
Russie,ELINAR,FP2 COUPE,USD,Chiffre d'affaires MGA,MGA,82907505,85676740,94210505,82850990,85846285,75277980,105626535,106756835,70587235,83642200,70700265,74430255,1018513330
Russie,ELINAR,TRA,USD,Quantité exportée,tonnes,19.18,25.19,16.03,21.7,19.09,17.42,22.46,23.18,16.12,15.33,25.26,20.56,241.52
Russie,ELINAR,TRA,USD,Chiffre d'affaires devise,USD,26660.2,35014.1,22281.7,30163,26535.1,24213.8,31219.4,32220.2,22406.8,21308.7,35111.4,28578.4,335712.8
Russie,ELINAR,TRA,USD,Chiffre d'affaires MGA,MGA,118637890,155812745,99153565,134225350,118081195,107751410,138926330,143379890,99710260,94823715,156245730,127173880,1493921960
Russie,ELINAR,BSA,USD,Quantité exportée,tonnes,12.62,11.98,10.11,14.04,13.66,9.69,10.37,9.66,15.09,12.24,10.73,14.41,144.6
Russie,ELINAR,BSA,USD,Chiffre d'affaires devise,USD,14891.6,14136.4,11929.8,16567.2,16118.8,11434.2,12236.6,11398.8,17806.2,14443.2,12661.4,17003.8,170628
Russie,ELINAR,BSA,USD,Chiffre d'affaires MGA,MGA,66267620,62906980,53087610,73724040,71728660,50882190,54452870,50724660,79237590,64272240,56343230,75666910,759294600
Chine,REPRESENTANT CHINE - A VALIDER,ABR COUPE,USD,Quantité exportée,tonnes,19.87,24.57,21.9,18.13,18.81,20.63,16.81,24.79,16.37,20.94,17.91,18.35,239.07999999999998
Chine,REPRESENTANT CHINE - A VALIDER,ABR COUPE,USD,Chiffre d'affaires devise,USD,28811.5,35626.5,31755,26288.5,27274.5,29913.5,24374.5,35945.5,23736.5,30363,25969.5,26607.5,346666
Chine,REPRESENTANT CHINE - A VALIDER,ABR COUPE,USD,Chiffre d'affaires MGA,MGA,128211175,158537925,141309750,116983825,121371525,133115075,108466525,159957475,105627425,135115350,115564275,118403375,1542663700
Chine,REPRESENTANT CHINE - A VALIDER,FP1 COUPE,USD,Quantité exportée,tonnes,12.67,21.44,17.88,18.28,21.06,20,14.02,13.37,15.46,19.14,17.55,21.56,212.43
Chine,REPRESENTANT CHINE - A VALIDER,FP1 COUPE,USD,Chiffre d'affaires devise,USD,16724.4,28300.8,23601.6,24129.6,27799.2,26400,18506.4,17648.4,20407.2,25264.8,23166,28459.2,280407.6
Chine,REPRESENTANT CHINE - A VALIDER,FP1 COUPE,USD,Chiffre d'affaires MGA,MGA,74423580,125938560,105027120,107376720,123706440,117480000,82353480,78535380,90812040,112428360,103088700,126643440,1247813820
Chine,REPRESENTANT CHINE - A VALIDER,FP2 COUPE,USD,Quantité exportée,tonnes,17.99,18.1,15.91,14.67,14.81,10.9,16.96,17.89,14.05,19.18,11.04,17.98,189.48
Chine,REPRESENTANT CHINE - A VALIDER,FP2 COUPE,USD,Chiffre d'affaires devise,USD,22847.3,22987,20205.7,18630.9,18808.7,13843,21539.2,22720.3,17843.5,24358.6,14020.8,22834.6,240639.6
Chine,REPRESENTANT CHINE - A VALIDER,FP2 COUPE,USD,Chiffre d'affaires MGA,MGA,101670485,102292150,89915365,82907505,83698715,61601350,95849440,101105335,79403575,108395770,62392560,101613970,1070846220
Chine,REPRESENTANT CHINE - A VALIDER,TRA,USD,Quantité exportée,tonnes,22.73,23.74,22.85,18.55,18.96,20.47,25.54,16.07,17.62,23.8,15.8,16.23,242.36
Chine,REPRESENTANT CHINE - A VALIDER,TRA,USD,Chiffre d'affaires devise,USD,31594.7,32998.6,31761.5,25784.5,26354.4,28453.3,35500.6,22337.3,24491.8,33082,21962,22559.7,336880.4
Chine,REPRESENTANT CHINE - A VALIDER,TRA,USD,Chiffre d'affaires MGA,MGA,140596415,146843770,141338675,114741025,117277080,126617185,157977670,99400985,108988510,147214900,97730900,100390665,1499117780
Chine,REPRESENTANT CHINE - A VALIDER,BSA,USD,Quantité exportée,tonnes,13.16,10.15,11.08,13.87,14.4,11.31,14.48,13.7,9.52,13.14,9.13,10.3,144.24
Chine,REPRESENTANT CHINE - A VALIDER,BSA,USD,Chiffre d'affaires devise,USD,15528.8,11977,13074.4,16366.6,16992,13345.8,17086.4,16166,11233.6,15505.2,10773.4,12154,170203.2
Chine,REPRESENTANT CHINE - A VALIDER,BSA,USD,Chiffre d'affaires MGA,MGA,69103160,53297650,58181080,72831370,75614400,59388810,76034480,71938700,49989520,68998140,47941630,54085300,757404240
