feuille_destination,cellule_destination,feuille_source,cellule_source,formule
Exportations,A5,Exportations,E10:E54,"=SUMIF($E$10:$E$54,""Quantité exportée"",$S$10:$S$54)"
Exportations,A5,Exportations,S10:S54,"=SUMIF($E$10:$E$54,""Quantité exportée"",$S$10:$S$54)"
Exportations,D5,Exportations,E10:E54,"=SUMIF($E$10:$E$54,""Chiffre d'affaires MGA"",$S$10:$S$54)"
Exportations,D5,Exportations,S10:S54,"=SUMIF($E$10:$E$54,""Chiffre d'affaires MGA"",$S$10:$S$54)"
Exportations,G5,Exportations,S10:S54,"=SUMIFS($S$10:$S$54,$A$10:$A$54,""Japon"",$E$10:$E$54,""Chiffre d'affaires MGA"")"
Exportations,G5,Exportations,A10:A54,"=SUMIFS($S$10:$S$54,$A$10:$A$54,""Japon"",$E$10:$E$54,""Chiffre d'affaires MGA"")"
Exportations,G5,Exportations,E10:E54,"=SUMIFS($S$10:$S$54,$A$10:$A$54,""Japon"",$E$10:$E$54,""Chiffre d'affaires MGA"")"
Exportations,J5,Exportations,S10:S54,"=SUMIFS($S$10:$S$54,$A$10:$A$54,""Russie"",$E$10:$E$54,""Chiffre d'affaires MGA"")"
Exportations,J5,Exportations,A10:A54,"=SUMIFS($S$10:$S$54,$A$10:$A$54,""Russie"",$E$10:$E$54,""Chiffre d'affaires MGA"")"
Exportations,J5,Exportations,E10:E54,"=SUMIFS($S$10:$S$54,$A$10:$A$54,""Russie"",$E$10:$E$54,""Chiffre d'affaires MGA"")"
Exportations,M5,Exportations,S10:S54,"=SUMIFS($S$10:$S$54,$A$10:$A$54,""Chine"",$E$10:$E$54,""Chiffre d'affaires MGA"")"
Exportations,M5,Exportations,A10:A54,"=SUMIFS($S$10:$S$54,$A$10:$A$54,""Chine"",$E$10:$E$54,""Chiffre d'affaires MGA"")"
Exportations,M5,Exportations,E10:E54,"=SUMIFS($S$10:$S$54,$A$10:$A$54,""Chine"",$E$10:$E$54,""Chiffre d'affaires MGA"")"
Synthese,C2,Exportations,E2:E46,"=SUMIF(Exportations!$E$2:$E$46,""Chiffre d'affaires MGA"",Exportations!$G$2:$G$46)"
Synthese,C2,Exportations,G2:G46,"=SUMIF(Exportations!$E$2:$E$46,""Chiffre d'affaires MGA"",Exportations!$G$2:$G$46)"
Synthese,D2,Exportations,E2:E46,"=SUMIF(Exportations!$E$2:$E$46,""Chiffre d'affaires MGA"",Exportations!$H$2:$H$46)"
Synthese,D2,Exportations,H2:H46,"=SUMIF(Exportations!$E$2:$E$46,""Chiffre d'affaires MGA"",Exportations!$H$2:$H$46)"
Synthese,E2,Exportations,E2:E46,"=SUMIF(Exportations!$E$2:$E$46,""Chiffre d'affaires MGA"",Exportations!$I$2:$I$46)"
Synthese,E2,Exportations,I2:I46,"=SUMIF(Exportations!$E$2:$E$46,""Chiffre d'affaires MGA"",Exportations!$I$2:$I$46)"
Synthese,F2,Exportations,E2:E46,"=SUMIF(Exportations!$E$2:$E$46,""Chiffre d'affaires MGA"",Exportations!$J$2:$J$46)"
Synthese,F2,Exportations,J2:J46,"=SUMIF(Exportations!$E$2:$E$46,""Chiffre d'affaires MGA"",Exportations!$J$2:$J$46)"
Synthese,G2,Exportations,E2:E46,"=SUMIF(Exportations!$E$2:$E$46,""Chiffre d'affaires MGA"",Exportations!$K$2:$K$46)"
Synthese,G2,Exportations,K2:K46,"=SUMIF(Exportations!$E$2:$E$46,""Chiffre d'affaires MGA"",Exportations!$K$2:$K$46)"
Synthese,H2,Exportations,E2:E46,"=SUMIF(Exportations!$E$2:$E$46,""Chiffre d'affaires MGA"",Exportations!$L$2:$L$46)"
Synthese,H2,Exportations,L2:L46,"=SUMIF(Exportations!$E$2:$E$46,""Chiffre d'affaires MGA"",Exportations!$L$2:$L$46)"
Synthese,I2,Exportations,E2:E46,"=SUMIF(Exportations!$E$2:$E$46,""Chiffre d'affaires MGA"",Exportations!$M$2:$M$46)"
Synthese,I2,Exportations,M2:M46,"=SUMIF(Exportations!$E$2:$E$46,""Chiffre d'affaires MGA"",Exportations!$M$2:$M$46)"
Synthese,J2,Exportations,E2:E46,"=SUMIF(Exportations!$E$2:$E$46,""Chiffre d'affaires MGA"",Exportations!$N$2:$N$46)"
Synthese,J2,Exportations,N2:N46,"=SUMIF(Exportations!$E$2:$E$46,""Chiffre d'affaires MGA"",Exportations!$N$2:$N$46)"
Synthese,K2,Exportations,E2:E46,"=SUMIF(Exportations!$E$2:$E$46,""Chiffre d'affaires MGA"",Exportations!$O$2:$O$46)"
Synthese,K2,Exportations,O2:O46,"=SUMIF(Exportations!$E$2:$E$46,""Chiffre d'affaires MGA"",Exportations!$O$2:$O$46)"
Synthese,L2,Exportations,E2:E46,"=SUMIF(Exportations!$E$2:$E$46,""Chiffre d'affaires MGA"",Exportations!$P$2:$P$46)"
Synthese,L2,Exportations,P2:P46,"=SUMIF(Exportations!$E$2:$E$46,""Chiffre d'affaires MGA"",Exportations!$P$2:$P$46)"
Synthese,M2,Exportations,E2:E46,"=SUMIF(Exportations!$E$2:$E$46,""Chiffre d'affaires MGA"",Exportations!$Q$2:$Q$46)"
Synthese,M2,Exportations,Q2:Q46,"=SUMIF(Exportations!$E$2:$E$46,""Chiffre d'affaires MGA"",Exportations!$Q$2:$Q$46)"
Synthese,N2,Exportations,E2:E46,"=SUMIF(Exportations!$E$2:$E$46,""Chiffre d'affaires MGA"",Exportations!$R$2:$R$46)"
Synthese,N2,Exportations,R2:R46,"=SUMIF(Exportations!$E$2:$E$46,""Chiffre d'affaires MGA"",Exportations!$R$2:$R$46)"
Synthese,O2,Synthese,C2:N2,=SUM(C2:N2)
Synthese,C3,Charges,E2:E15,=SUM(Charges!$E$2:$E$15)
Synthese,D3,Charges,F2:F15,=SUM(Charges!$F$2:$F$15)
Synthese,E3,Charges,G2:G15,=SUM(Charges!$G$2:$G$15)
Synthese,F3,Charges,H2:H15,=SUM(Charges!$H$2:$H$15)
Synthese,G3,Charges,I2:I15,=SUM(Charges!$I$2:$I$15)
Synthese,H3,Charges,J2:J15,=SUM(Charges!$J$2:$J$15)
Synthese,I3,Charges,K2:K15,=SUM(Charges!$K$2:$K$15)
Synthese,J3,Charges,L2:L15,=SUM(Charges!$L$2:$L$15)
Synthese,K3,Charges,M2:M15,=SUM(Charges!$M$2:$M$15)
Synthese,L3,Charges,N2:N15,=SUM(Charges!$N$2:$N$15)
Synthese,M3,Charges,O2:O15,=SUM(Charges!$O$2:$O$15)
Synthese,N3,Charges,P2:P15,=SUM(Charges!$P$2:$P$15)
Synthese,O3,Synthese,C3:N3,=SUM(C3:N3)
Synthese,C4,Frais Export,E2:E19,=SUM('Frais Export'!$E$2:$E$19)
Synthese,D4,Frais Export,F2:F19,=SUM('Frais Export'!$F$2:$F$19)
Synthese,E4,Frais Export,G2:G19,=SUM('Frais Export'!$G$2:$G$19)
Synthese,F4,Frais Export,H2:H19,=SUM('Frais Export'!$H$2:$H$19)
Synthese,G4,Frais Export,I2:I19,=SUM('Frais Export'!$I$2:$I$19)
Synthese,H4,Frais Export,J2:J19,=SUM('Frais Export'!$J$2:$J$19)
Synthese,I4,Frais Export,K2:K19,=SUM('Frais Export'!$K$2:$K$19)
Synthese,J4,Frais Export,L2:L19,=SUM('Frais Export'!$L$2:$L$19)
Synthese,K4,Frais Export,M2:M19,=SUM('Frais Export'!$M$2:$M$19)
Synthese,L4,Frais Export,N2:N19,=SUM('Frais Export'!$N$2:$N$19)
Synthese,M4,Frais Export,O2:O19,=SUM('Frais Export'!$O$2:$O$19)
Synthese,N4,Frais Export,P2:P19,=SUM('Frais Export'!$P$2:$P$19)
Synthese,O4,Synthese,C4:N4,=SUM(C4:N4)
Synthese,C5,Employes,I2:I61,=SUM(Employes!$I$2:$I$61)
Synthese,D5,Employes,I2:I61,=SUM(Employes!$I$2:$I$61)
Synthese,E5,Employes,I2:I61,=SUM(Employes!$I$2:$I$61)
Synthese,F5,Employes,I2:I61,=SUM(Employes!$I$2:$I$61)
Synthese,G5,Employes,I2:I61,=SUM(Employes!$I$2:$I$61)
Synthese,H5,Employes,I2:I61,=SUM(Employes!$I$2:$I$61)
Synthese,I5,Employes,I2:I61,=SUM(Employes!$I$2:$I$61)
Synthese,J5,Employes,I2:I61,=SUM(Employes!$I$2:$I$61)
Synthese,K5,Employes,I2:I61,=SUM(Employes!$I$2:$I$61)
Synthese,L5,Employes,I2:I61,=SUM(Employes!$I$2:$I$61)
Synthese,M5,Employes,I2:I61,=SUM(Employes!$I$2:$I$61)
Synthese,N5,Employes,I2:I61,=SUM(Employes!$I$2:$I$61)
Synthese,O5,Synthese,C5:N5,=SUM(C5:N5)
Synthese,C6,Synthese,C2,=C2-C3-C4-C5
Synthese,C6,Synthese,C3,=C2-C3-C4-C5
Synthese,C6,Synthese,C4,=C2-C3-C4-C5
Synthese,C6,Synthese,C5,=C2-C3-C4-C5
Synthese,D6,Synthese,D2,=D2-D3-D4-D5
Synthese,D6,Synthese,D3,=D2-D3-D4-D5
Synthese,D6,Synthese,D4,=D2-D3-D4-D5
Synthese,D6,Synthese,D5,=D2-D3-D4-D5
Synthese,E6,Synthese,E2,=E2-E3-E4-E5
Synthese,E6,Synthese,E3,=E2-E3-E4-E5
Synthese,E6,Synthese,E4,=E2-E3-E4-E5
Synthese,E6,Synthese,E5,=E2-E3-E4-E5
Synthese,F6,Synthese,F2,=F2-F3-F4-F5
Synthese,F6,Synthese,F3,=F2-F3-F4-F5
Synthese,F6,Synthese,F4,=F2-F3-F4-F5
Synthese,F6,Synthese,F5,=F2-F3-F4-F5
Synthese,G6,Synthese,G2,=G2-G3-G4-G5
Synthese,G6,Synthese,G3,=G2-G3-G4-G5
Synthese,G6,Synthese,G4,=G2-G3-G4-G5
Synthese,G6,Synthese,G5,=G2-G3-G4-G5
Synthese,H6,Synthese,H2,=H2-H3-H4-H5
Synthese,H6,Synthese,H3,=H2-H3-H4-H5
Synthese,H6,Synthese,H4,=H2-H3-H4-H5
Synthese,H6,Synthese,H5,=H2-H3-H4-H5
Synthese,I6,Synthese,I2,=I2-I3-I4-I5
Synthese,I6,Synthese,I3,=I2-I3-I4-I5
Synthese,I6,Synthese,I4,=I2-I3-I4-I5
Synthese,I6,Synthese,I5,=I2-I3-I4-I5
Synthese,J6,Synthese,J2,=J2-J3-J4-J5
Synthese,J6,Synthese,J3,=J2-J3-J4-J5
Synthese,J6,Synthese,J4,=J2-J3-J4-J5
Synthese,J6,Synthese,J5,=J2-J3-J4-J5
Synthese,K6,Synthese,K2,=K2-K3-K4-K5
Synthese,K6,Synthese,K3,=K2-K3-K4-K5
Synthese,K6,Synthese,K4,=K2-K3-K4-K5
Synthese,K6,Synthese,K5,=K2-K3-K4-K5
Synthese,L6,Synthese,L2,=L2-L3-L4-L5
Synthese,L6,Synthese,L3,=L2-L3-L4-L5
Synthese,L6,Synthese,L4,=L2-L3-L4-L5
Synthese,L6,Synthese,L5,=L2-L3-L4-L5
Synthese,M6,Synthese,M2,=M2-M3-M4-M5
Synthese,M6,Synthese,M3,=M2-M3-M4-M5
Synthese,M6,Synthese,M4,=M2-M3-M4-M5
Synthese,M6,Synthese,M5,=M2-M3-M4-M5
Synthese,N6,Synthese,N2,=N2-N3-N4-N5
Synthese,N6,Synthese,N3,=N2-N3-N4-N5
Synthese,N6,Synthese,N4,=N2-N3-N4-N5
Synthese,N6,Synthese,N5,=N2-N3-N4-N5
Synthese,O6,Synthese,C6:N6,=SUM(C6:N6)
Synthese,C7,Synthese,C6,"=IFERROR(C6/C2,0)"
Synthese,C7,Synthese,C2,"=IFERROR(C6/C2,0)"
Synthese,D7,Synthese,D6,"=IFERROR(D6/D2,0)"
Synthese,D7,Synthese,D2,"=IFERROR(D6/D2,0)"
Synthese,E7,Synthese,E6,"=IFERROR(E6/E2,0)"
Synthese,E7,Synthese,E2,"=IFERROR(E6/E2,0)"
Synthese,F7,Synthese,F6,"=IFERROR(F6/F2,0)"
Synthese,F7,Synthese,F2,"=IFERROR(F6/F2,0)"
Synthese,G7,Synthese,G6,"=IFERROR(G6/G2,0)"
Synthese,G7,Synthese,G2,"=IFERROR(G6/G2,0)"
Synthese,H7,Synthese,H6,"=IFERROR(H6/H2,0)"
Synthese,H7,Synthese,H2,"=IFERROR(H6/H2,0)"
Synthese,I7,Synthese,I6,"=IFERROR(I6/I2,0)"
Synthese,I7,Synthese,I2,"=IFERROR(I6/I2,0)"
Synthese,J7,Synthese,J6,"=IFERROR(J6/J2,0)"
Synthese,J7,Synthese,J2,"=IFERROR(J6/J2,0)"
Synthese,K7,Synthese,K6,"=IFERROR(K6/K2,0)"
Synthese,K7,Synthese,K2,"=IFERROR(K6/K2,0)"
Synthese,L7,Synthese,L6,"=IFERROR(L6/L2,0)"
Synthese,L7,Synthese,L2,"=IFERROR(L6/L2,0)"
Synthese,M7,Synthese,M6,"=IFERROR(M6/M2,0)"
Synthese,M7,Synthese,M2,"=IFERROR(M6/M2,0)"
Synthese,N7,Synthese,N6,"=IFERROR(N6/N2,0)"
Synthese,N7,Synthese,N2,"=IFERROR(N6/N2,0)"
Synthese,O7,Synthese,O6,"=IFERROR(O6/O2,0)"
Synthese,O7,Synthese,O2,"=IFERROR(O6/O2,0)"
