feuille,cellule,formule
Exportations,A5,"=SUMIF($E$10:$E$54,""Quantité exportée"",$S$10:$S$54)"
Exportations,D5,"=SUMIF($E$10:$E$54,""Chiffre d'affaires MGA"",$S$10:$S$54)"
Exportations,G5,"=SUMIFS($S$10:$S$54,$A$10:$A$54,""Japon"",$E$10:$E$54,""Chiffre d'affaires MGA"")"
Exportations,J5,"=SUMIFS($S$10:$S$54,$A$10:$A$54,""Russie"",$E$10:$E$54,""Chiffre d'affaires MGA"")"
Exportations,M5,"=SUMIFS($S$10:$S$54,$A$10:$A$54,""Chine"",$E$10:$E$54,""Chiffre d'affaires MGA"")"
Synthese,C2,"=SUMIF(Exportations!$E$2:$E$46,""Chiffre d'affaires MGA"",Exportations!$G$2:$G$46)"
Synthese,D2,"=SUMIF(Exportations!$E$2:$E$46,""Chiffre d'affaires MGA"",Exportations!$H$2:$H$46)"
Synthese,E2,"=SUMIF(Exportations!$E$2:$E$46,""Chiffre d'affaires MGA"",Exportations!$I$2:$I$46)"
Synthese,F2,"=SUMIF(Exportations!$E$2:$E$46,""Chiffre d'affaires MGA"",Exportations!$J$2:$J$46)"
Synthese,G2,"=SUMIF(Exportations!$E$2:$E$46,""Chiffre d'affaires MGA"",Exportations!$K$2:$K$46)"
Synthese,H2,"=SUMIF(Exportations!$E$2:$E$46,""Chiffre d'affaires MGA"",Exportations!$L$2:$L$46)"
Synthese,I2,"=SUMIF(Exportations!$E$2:$E$46,""Chiffre d'affaires MGA"",Exportations!$M$2:$M$46)"
Synthese,J2,"=SUMIF(Exportations!$E$2:$E$46,""Chiffre d'affaires MGA"",Exportations!$N$2:$N$46)"
Synthese,K2,"=SUMIF(Exportations!$E$2:$E$46,""Chiffre d'affaires MGA"",Exportations!$O$2:$O$46)"
Synthese,L2,"=SUMIF(Exportations!$E$2:$E$46,""Chiffre d'affaires MGA"",Exportations!$P$2:$P$46)"
Synthese,M2,"=SUMIF(Exportations!$E$2:$E$46,""Chiffre d'affaires MGA"",Exportations!$Q$2:$Q$46)"
Synthese,N2,"=SUMIF(Exportations!$E$2:$E$46,""Chiffre d'affaires MGA"",Exportations!$R$2:$R$46)"
Synthese,O2,=SUM(C2:N2)
Synthese,C3,=SUM(Charges!$E$2:$E$15)
Synthese,D3,=SUM(Charges!$F$2:$F$15)
Synthese,E3,=SUM(Charges!$G$2:$G$15)
Synthese,F3,=SUM(Charges!$H$2:$H$15)
Synthese,G3,=SUM(Charges!$I$2:$I$15)
Synthese,H3,=SUM(Charges!$J$2:$J$15)
Synthese,I3,=SUM(Charges!$K$2:$K$15)
Synthese,J3,=SUM(Charges!$L$2:$L$15)
Synthese,K3,=SUM(Charges!$M$2:$M$15)
Synthese,L3,=SUM(Charges!$N$2:$N$15)
Synthese,M3,=SUM(Charges!$O$2:$O$15)
Synthese,N3,=SUM(Charges!$P$2:$P$15)
Synthese,O3,=SUM(C3:N3)
Synthese,C4,=SUM('Frais Export'!$E$2:$E$19)
Synthese,D4,=SUM('Frais Export'!$F$2:$F$19)
Synthese,E4,=SUM('Frais Export'!$G$2:$G$19)
Synthese,F4,=SUM('Frais Export'!$H$2:$H$19)
Synthese,G4,=SUM('Frais Export'!$I$2:$I$19)
Synthese,H4,=SUM('Frais Export'!$J$2:$J$19)
Synthese,I4,=SUM('Frais Export'!$K$2:$K$19)
Synthese,J4,=SUM('Frais Export'!$L$2:$L$19)
Synthese,K4,=SUM('Frais Export'!$M$2:$M$19)
Synthese,L4,=SUM('Frais Export'!$N$2:$N$19)
Synthese,M4,=SUM('Frais Export'!$O$2:$O$19)
Synthese,N4,=SUM('Frais Export'!$P$2:$P$19)
Synthese,O4,=SUM(C4:N4)
Synthese,C5,=SUM(Employes!$I$2:$I$61)
Synthese,D5,=SUM(Employes!$I$2:$I$61)
Synthese,E5,=SUM(Employes!$I$2:$I$61)
Synthese,F5,=SUM(Employes!$I$2:$I$61)
Synthese,G5,=SUM(Employes!$I$2:$I$61)
Synthese,H5,=SUM(Employes!$I$2:$I$61)
Synthese,I5,=SUM(Employes!$I$2:$I$61)
Synthese,J5,=SUM(Employes!$I$2:$I$61)
Synthese,K5,=SUM(Employes!$I$2:$I$61)
Synthese,L5,=SUM(Employes!$I$2:$I$61)
Synthese,M5,=SUM(Employes!$I$2:$I$61)
Synthese,N5,=SUM(Employes!$I$2:$I$61)
Synthese,O5,=SUM(C5:N5)
Synthese,C6,=C2-C3-C4-C5
Synthese,D6,=D2-D3-D4-D5
Synthese,E6,=E2-E3-E4-E5
Synthese,F6,=F2-F3-F4-F5
Synthese,G6,=G2-G3-G4-G5
Synthese,H6,=H2-H3-H4-H5
Synthese,I6,=I2-I3-I4-I5
Synthese,J6,=J2-J3-J4-J5
Synthese,K6,=K2-K3-K4-K5
Synthese,L6,=L2-L3-L4-L5
Synthese,M6,=M2-M3-M4-M5
Synthese,N6,=N2-N3-N4-N5
Synthese,O6,=SUM(C6:N6)
Synthese,C7,"=IFERROR(C6/C2,0)"
Synthese,D7,"=IFERROR(D6/D2,0)"
Synthese,E7,"=IFERROR(E6/E2,0)"
Synthese,F7,"=IFERROR(F6/F2,0)"
Synthese,G7,"=IFERROR(G6/G2,0)"
Synthese,H7,"=IFERROR(H6/H2,0)"
Synthese,I7,"=IFERROR(I6/I2,0)"
Synthese,J7,"=IFERROR(J6/J2,0)"
Synthese,K7,"=IFERROR(K6/K2,0)"
Synthese,L7,"=IFERROR(L6/L2,0)"
Synthese,M7,"=IFERROR(M6/M2,0)"
Synthese,N7,"=IFERROR(N6/N2,0)"
Synthese,O7,"=IFERROR(O6/O2,0)"
